DEBUG - 2025-11-18 11:27:25 --> Session: Class initialized using 'CodeIgniter\Session\Handlers\FileHandler' driver.
DEBUG - 2025-11-18 11:27:31 --> Session: Class initialized using 'CodeIgniter\Session\Handlers\FileHandler' driver.
INFO - 2025-11-18 11:27:55 --> CSRF token verified.
DEBUG - 2025-11-18 11:27:55 --> Session: Class initialized using 'CodeIgniter\Session\Handlers\FileHandler' driver.
ERROR - 2025-11-18 11:27:56 --> Error connecting to the database: mysqli_sql_exception: Unknown database 'db_warungkita' in C:\xampp\htdocs\Projek_web2\system\Database\MySQLi\Connection.php:201
Stack trace:
#0 C:\xampp\htdocs\Projek_web2\system\Database\MySQLi\Connection.php(201): mysqli->real_connect('localhost', 'root', Object(SensitiveParameterValue), 'db_warungkita', 3306, '', 0)
#1 C:\xampp\htdocs\Projek_web2\system\Database\BaseConnection.php(419): CodeIgniter\Database\MySQLi\Connection->connect(false)
#2 C:\xampp\htdocs\Projek_web2\system\Database\BaseConnection.php(614): CodeIgniter\Database\BaseConnection->initialize()
#3 C:\xampp\htdocs\Projek_web2\system\Database\BaseBuilder.php(1649): CodeIgniter\Database\BaseConnection->query('SELECT 1\nFROM `...', Array, false)
#4 C:\xampp\htdocs\Projek_web2\system\Validation\Rules.php(175): CodeIgniter\Database\BaseBuilder->get()
#5 C:\xampp\htdocs\Projek_web2\system\Validation\StrictRules\Rules.php(187): CodeIgniter\Validation\Rules->is_unique('monyetMengetik', 'users.username', Array)
#6 C:\xampp\htdocs\Projek_web2\system\Validation\Validation.php(336): CodeIgniter\Validation\StrictRules\Rules->is_unique('monyetMengetik', 'users.username', Array, NULL, 'username')
#7 C:\xampp\htdocs\Projek_web2\system\Validation\Validation.php(201): CodeIgniter\Validation\Validation->processRules('username', 'username', 'monyetMengetik', Array, Array, 'username')
#8 C:\xampp\htdocs\Projek_web2\system\Controller.php(138): CodeIgniter\Validation\Validation->run()
#9 C:\xampp\htdocs\Projek_web2\vendor\myth\auth\src\Controllers\AuthController.php(154): CodeIgniter\Controller->validate(Array)
#10 C:\xampp\htdocs\Projek_web2\system\CodeIgniter.php(933): Myth\Auth\Controllers\AuthController->attemptRegister()
#11 C:\xampp\htdocs\Projek_web2\system\CodeIgniter.php(507): CodeIgniter\CodeIgniter->runController(Object(Myth\Auth\Controllers\AuthController))
#12 C:\xampp\htdocs\Projek_web2\system\CodeIgniter.php(354): CodeIgniter\CodeIgniter->handleRequest(NULL, Object(Config\Cache), false)
#13 C:\xampp\htdocs\Projek_web2\system\Boot.php(363): CodeIgniter\CodeIgniter->run()
#14 C:\xampp\htdocs\Projek_web2\system\Boot.php(68): CodeIgniter\Boot::runCodeIgniter(Object(CodeIgniter\CodeIgniter))
#15 C:\xampp\htdocs\Projek_web2\public\index.php(59): CodeIgniter\Boot::bootWeb(Object(Config\Paths))
#16 C:\xampp\htdocs\Projek_web2\system\rewrite.php(44): require_once('C:\\xampp\\htdocs...')
#17 {main}

Next CodeIgniter\Database\Exceptions\DatabaseException: Unknown database 'db_warungkita' in C:\xampp\htdocs\Projek_web2\system\Database\MySQLi\Connection.php:246
Stack trace:
#0 C:\xampp\htdocs\Projek_web2\system\Database\BaseConnection.php(419): CodeIgniter\Database\MySQLi\Connection->connect(false)
#1 C:\xampp\htdocs\Projek_web2\system\Database\BaseConnection.php(614): CodeIgniter\Database\BaseConnection->initialize()
#2 C:\xampp\htdocs\Projek_web2\system\Database\BaseBuilder.php(1649): CodeIgniter\Database\BaseConnection->query('SELECT 1\nFROM `...', Array, false)
#3 C:\xampp\htdocs\Projek_web2\system\Validation\Rules.php(175): CodeIgniter\Database\BaseBuilder->get()
#4 C:\xampp\htdocs\Projek_web2\system\Validation\StrictRules\Rules.php(187): CodeIgniter\Validation\Rules->is_unique('monyetMengetik', 'users.username', Array)
#5 C:\xampp\htdocs\Projek_web2\system\Validation\Validation.php(336): CodeIgniter\Validation\StrictRules\Rules->is_unique('monyetMengetik', 'users.username', Array, NULL, 'username')
#6 C:\xampp\htdocs\Projek_web2\system\Validation\Validation.php(201): CodeIgniter\Validation\Validation->processRules('username', 'username', 'monyetMengetik', Array, Array, 'username')
#7 C:\xampp\htdocs\Projek_web2\system\Controller.php(138): CodeIgniter\Validation\Validation->run()
#8 C:\xampp\htdocs\Projek_web2\vendor\myth\auth\src\Controllers\AuthController.php(154): CodeIgniter\Controller->validate(Array)
#9 C:\xampp\htdocs\Projek_web2\system\CodeIgniter.php(933): Myth\Auth\Controllers\AuthController->attemptRegister()
#10 C:\xampp\htdocs\Projek_web2\system\CodeIgniter.php(507): CodeIgniter\CodeIgniter->runController(Object(Myth\Auth\Controllers\AuthController))
#11 C:\xampp\htdocs\Projek_web2\system\CodeIgniter.php(354): CodeIgniter\CodeIgniter->handleRequest(NULL, Object(Config\Cache), false)
#12 C:\xampp\htdocs\Projek_web2\system\Boot.php(363): CodeIgniter\CodeIgniter->run()
#13 C:\xampp\htdocs\Projek_web2\system\Boot.php(68): CodeIgniter\Boot::runCodeIgniter(Object(CodeIgniter\CodeIgniter))
#14 C:\xampp\htdocs\Projek_web2\public\index.php(59): CodeIgniter\Boot::bootWeb(Object(Config\Paths))
#15 C:\xampp\htdocs\Projek_web2\system\rewrite.php(44): require_once('C:\\xampp\\htdocs...')
#16 {main}
CRITICAL - 2025-11-18 11:27:56 --> CodeIgniter\Database\Exceptions\DatabaseException: Unable to connect to the database.
Main connection [MySQLi]: Unknown database 'db_warungkita'
[Method: POST, Route: register]
in SYSTEMPATH\Database\BaseConnection.php on line 465.
 1 SYSTEMPATH\Database\BaseConnection.php(614): CodeIgniter\Database\BaseConnection->initialize()
 2 SYSTEMPATH\Database\BaseBuilder.php(1649): CodeIgniter\Database\BaseConnection->query('SELECT 1
FROM `users`
WHERE `username` = :username:
 LIMIT 1', [...], false)
 3 SYSTEMPATH\Validation\Rules.php(175): CodeIgniter\Database\BaseBuilder->get()
 4 SYSTEMPATH\Validation\StrictRules\Rules.php(187): CodeIgniter\Validation\Rules->is_unique('monyetMengetik', 'users.username', [...])
 5 SYSTEMPATH\Validation\Validation.php(336): CodeIgniter\Validation\StrictRules\Rules->is_unique('monyetMengetik', 'users.username', [...], null, 'username')
 6 SYSTEMPATH\Validation\Validation.php(201): CodeIgniter\Validation\Validation->processRules('username', 'username', 'monyetMengetik', [...], [...], 'username')
 7 SYSTEMPATH\Controller.php(138): CodeIgniter\Validation\Validation->run()
 8 VENDORPATH\myth\auth\src\Controllers\AuthController.php(154): CodeIgniter\Controller->validate([...])
 9 SYSTEMPATH\CodeIgniter.php(933): Myth\Auth\Controllers\AuthController->attemptRegister()
10 SYSTEMPATH\CodeIgniter.php(507): CodeIgniter\CodeIgniter->runController(Object(Myth\Auth\Controllers\AuthController))
11 SYSTEMPATH\CodeIgniter.php(354): CodeIgniter\CodeIgniter->handleRequest(null, Object(Config\Cache), false)
12 SYSTEMPATH\Boot.php(363): CodeIgniter\CodeIgniter->run()
13 SYSTEMPATH\Boot.php(68): CodeIgniter\Boot::runCodeIgniter(Object(CodeIgniter\CodeIgniter))
14 FCPATH\index.php(59): CodeIgniter\Boot::bootWeb(Object(Config\Paths))
15 SYSTEMPATH\rewrite.php(44): require_once('C:\\xampp\\htdocs\\Projek_web2\\public\\index.php')
DEBUG - 2025-11-18 11:30:11 --> Session: Class initialized using 'CodeIgniter\Session\Handlers\FileHandler' driver.
DEBUG - 2025-11-18 11:30:13 --> Session: Class initialized using 'CodeIgniter\Session\Handlers\FileHandler' driver.
DEBUG - 2025-11-18 11:30:29 --> Session: Class initialized using 'CodeIgniter\Session\Handlers\FileHandler' driver.
DEBUG - 2025-11-18 11:30:31 --> Session: Class initialized using 'CodeIgniter\Session\Handlers\FileHandler' driver.
DEBUG - 2025-11-18 11:30:56 --> Session: Class initialized using 'CodeIgniter\Session\Handlers\FileHandler' driver.
DEBUG - 2025-11-18 11:30:58 --> Session: Class initialized using 'CodeIgniter\Session\Handlers\FileHandler' driver.
DEBUG - 2025-11-18 11:31:39 --> Session: Class initialized using 'CodeIgniter\Session\Handlers\FileHandler' driver.
DEBUG - 2025-11-18 11:31:41 --> Session: Class initialized using 'CodeIgniter\Session\Handlers\FileHandler' driver.
CRITICAL - 2025-11-18 11:33:27 --> CodeIgniter\Router\Exceptions\RouterException: The namespace delimiter is a backslash (\), not a slash (/). Route handler: "\App\Controllers\SuperAdmin/Dashboard::index"
[Method: GET, Route: superadmin/dashboard]
in SYSTEMPATH\Router\Router.php on line 496.
 1 SYSTEMPATH\Router\Router.php(496): CodeIgniter\Router\Exceptions\RouterException::forInvalidControllerName('\\App\\Controllers\\SuperAdmin/Dashboard::index')
 2 SYSTEMPATH\Router\Router.php(213): CodeIgniter\Router\Router->checkRoutes('superadmin/dashboard')
 3 SYSTEMPATH\CodeIgniter.php(832): CodeIgniter\Router\Router->handle('superadmin/dashboard')
 4 SYSTEMPATH\CodeIgniter.php(455): CodeIgniter\CodeIgniter->tryToRouteIt(Object(CodeIgniter\Router\RouteCollection))
 5 SYSTEMPATH\CodeIgniter.php(354): CodeIgniter\CodeIgniter->handleRequest(null, Object(Config\Cache), false)
 6 SYSTEMPATH\Boot.php(363): CodeIgniter\CodeIgniter->run()
 7 SYSTEMPATH\Boot.php(68): CodeIgniter\Boot::runCodeIgniter(Object(CodeIgniter\CodeIgniter))
 8 FCPATH\index.php(59): CodeIgniter\Boot::bootWeb(Object(Config\Paths))
 9 SYSTEMPATH\rewrite.php(44): require_once('C:\\xampp\\htdocs\\Projek_web2\\public\\index.php')
DEBUG - 2025-11-18 11:33:46 --> Session: Class initialized using 'CodeIgniter\Session\Handlers\FileHandler' driver.
DEBUG - 2025-11-18 11:33:47 --> Session: Class initialized using 'CodeIgniter\Session\Handlers\FileHandler' driver.
ERROR - 2025-11-18 11:45:38 --> Error connecting to the database: mysqli_sql_exception: Unknown database 'db_warungkita' in C:\xampp\htdocs\Projek_web2\system\Database\MySQLi\Connection.php:201
Stack trace:
#0 C:\xampp\htdocs\Projek_web2\system\Database\MySQLi\Connection.php(201): mysqli->real_connect('localhost', 'root', Object(SensitiveParameterValue), 'db_warungkita', 3306, '', 0)
#1 C:\xampp\htdocs\Projek_web2\system\Database\BaseConnection.php(419): CodeIgniter\Database\MySQLi\Connection->connect(false)
#2 C:\xampp\htdocs\Projek_web2\system\Database\BaseConnection.php(614): CodeIgniter\Database\BaseConnection->initialize()
#3 C:\xampp\htdocs\Projek_web2\system\Database\BaseConnection.php(1525): CodeIgniter\Database\BaseConnection->query('SHOW TABLES FRO...')
#4 C:\xampp\htdocs\Projek_web2\system\Database\BaseConnection.php(1545): CodeIgniter\Database\BaseConnection->listTables()
#5 C:\xampp\htdocs\Projek_web2\system\Database\MigrationRunner.php(768): CodeIgniter\Database\BaseConnection->tableExists('migrations')
#6 C:\xampp\htdocs\Projek_web2\system\Database\MigrationRunner.php(162): CodeIgniter\Database\MigrationRunner->ensureTable()
#7 C:\xampp\htdocs\Projek_web2\system\Commands\Database\Migrate.php(85): CodeIgniter\Database\MigrationRunner->latest(NULL)
#8 C:\xampp\htdocs\Projek_web2\system\CLI\Commands.php(74): CodeIgniter\Commands\Database\Migrate->run(Array)
#9 C:\xampp\htdocs\Projek_web2\system\CLI\Console.php(47): CodeIgniter\CLI\Commands->run('migrate', Array)
#10 C:\xampp\htdocs\Projek_web2\system\Boot.php(388): CodeIgniter\CLI\Console->run()
#11 C:\xampp\htdocs\Projek_web2\system\Boot.php(133): CodeIgniter\Boot::runCommand(Object(CodeIgniter\CLI\Console))
#12 C:\xampp\htdocs\Projek_web2\spark(87): CodeIgniter\Boot::bootSpark(Object(Config\Paths))
#13 {main}

Next CodeIgniter\Database\Exceptions\DatabaseException: Unknown database 'db_warungkita' in C:\xampp\htdocs\Projek_web2\system\Database\MySQLi\Connection.php:246
Stack trace:
#0 C:\xampp\htdocs\Projek_web2\system\Database\BaseConnection.php(419): CodeIgniter\Database\MySQLi\Connection->connect(false)
#1 C:\xampp\htdocs\Projek_web2\system\Database\BaseConnection.php(614): CodeIgniter\Database\BaseConnection->initialize()
#2 C:\xampp\htdocs\Projek_web2\system\Database\BaseConnection.php(1525): CodeIgniter\Database\BaseConnection->query('SHOW TABLES FRO...')
#3 C:\xampp\htdocs\Projek_web2\system\Database\BaseConnection.php(1545): CodeIgniter\Database\BaseConnection->listTables()
#4 C:\xampp\htdocs\Projek_web2\system\Database\MigrationRunner.php(768): CodeIgniter\Database\BaseConnection->tableExists('migrations')
#5 C:\xampp\htdocs\Projek_web2\system\Database\MigrationRunner.php(162): CodeIgniter\Database\MigrationRunner->ensureTable()
#6 C:\xampp\htdocs\Projek_web2\system\Commands\Database\Migrate.php(85): CodeIgniter\Database\MigrationRunner->latest(NULL)
#7 C:\xampp\htdocs\Projek_web2\system\CLI\Commands.php(74): CodeIgniter\Commands\Database\Migrate->run(Array)
#8 C:\xampp\htdocs\Projek_web2\system\CLI\Console.php(47): CodeIgniter\CLI\Commands->run('migrate', Array)
#9 C:\xampp\htdocs\Projek_web2\system\Boot.php(388): CodeIgniter\CLI\Console->run()
#10 C:\xampp\htdocs\Projek_web2\system\Boot.php(133): CodeIgniter\Boot::runCommand(Object(CodeIgniter\CLI\Console))
#11 C:\xampp\htdocs\Projek_web2\spark(87): CodeIgniter\Boot::bootSpark(Object(Config\Paths))
#12 {main}
DEBUG - 2025-11-18 11:51:09 --> Session: Class initialized using 'CodeIgniter\Session\Handlers\FileHandler' driver.
INFO - 2025-11-18 11:51:21 --> CSRF token verified.
DEBUG - 2025-11-18 11:51:21 --> Session: Class initialized using 'CodeIgniter\Session\Handlers\FileHandler' driver.
ERROR - 2025-11-18 11:51:21 --> Error connecting to the database: mysqli_sql_exception: Unknown database 'db_warungkita' in C:\xampp\htdocs\Projek_web2\system\Database\MySQLi\Connection.php:201
Stack trace:
#0 C:\xampp\htdocs\Projek_web2\system\Database\MySQLi\Connection.php(201): mysqli->real_connect('localhost', 'root', Object(SensitiveParameterValue), 'db_warungkita', 3306, '', 0)
#1 C:\xampp\htdocs\Projek_web2\system\Database\BaseConnection.php(419): CodeIgniter\Database\MySQLi\Connection->connect(false)
#2 C:\xampp\htdocs\Projek_web2\system\Database\BaseConnection.php(614): CodeIgniter\Database\BaseConnection->initialize()
#3 C:\xampp\htdocs\Projek_web2\system\Database\BaseBuilder.php(1649): CodeIgniter\Database\BaseConnection->query('SELECT *\nFROM `...', Array, false)
#4 C:\xampp\htdocs\Projek_web2\system\Model.php(330): CodeIgniter\Database\BaseBuilder->get()
#5 C:\xampp\htdocs\Projek_web2\system\BaseModel.php(715): CodeIgniter\Model->doFirst()
#6 C:\xampp\htdocs\Projek_web2\vendor\myth\auth\src\Authentication\LocalAuthenticator.php(140): CodeIgniter\BaseModel->first()
#7 C:\xampp\htdocs\Projek_web2\vendor\myth\auth\src\Authentication\LocalAuthenticator.php(19): Myth\Auth\Authentication\LocalAuthenticator->validate(Array, true)
#8 C:\xampp\htdocs\Projek_web2\app\Controllers\AuthController.php(87): Myth\Auth\Authentication\LocalAuthenticator->attempt(Array, false)
#9 C:\xampp\htdocs\Projek_web2\system\CodeIgniter.php(933): App\Controllers\AuthController->attemptLogin()
#10 C:\xampp\htdocs\Projek_web2\system\CodeIgniter.php(507): CodeIgniter\CodeIgniter->runController(Object(App\Controllers\AuthController))
#11 C:\xampp\htdocs\Projek_web2\system\CodeIgniter.php(354): CodeIgniter\CodeIgniter->handleRequest(NULL, Object(Config\Cache), false)
#12 C:\xampp\htdocs\Projek_web2\system\Boot.php(363): CodeIgniter\CodeIgniter->run()
#13 C:\xampp\htdocs\Projek_web2\system\Boot.php(68): CodeIgniter\Boot::runCodeIgniter(Object(CodeIgniter\CodeIgniter))
#14 C:\xampp\htdocs\Projek_web2\public\index.php(59): CodeIgniter\Boot::bootWeb(Object(Config\Paths))
#15 C:\xampp\htdocs\Projek_web2\system\rewrite.php(44): require_once('C:\\xampp\\htdocs...')
#16 {main}

Next CodeIgniter\Database\Exceptions\DatabaseException: Unknown database 'db_warungkita' in C:\xampp\htdocs\Projek_web2\system\Database\MySQLi\Connection.php:246
Stack trace:
#0 C:\xampp\htdocs\Projek_web2\system\Database\BaseConnection.php(419): CodeIgniter\Database\MySQLi\Connection->connect(false)
#1 C:\xampp\htdocs\Projek_web2\system\Database\BaseConnection.php(614): CodeIgniter\Database\BaseConnection->initialize()
#2 C:\xampp\htdocs\Projek_web2\system\Database\BaseBuilder.php(1649): CodeIgniter\Database\BaseConnection->query('SELECT *\nFROM `...', Array, false)
#3 C:\xampp\htdocs\Projek_web2\system\Model.php(330): CodeIgniter\Database\BaseBuilder->get()
#4 C:\xampp\htdocs\Projek_web2\system\BaseModel.php(715): CodeIgniter\Model->doFirst()
#5 C:\xampp\htdocs\Projek_web2\vendor\myth\auth\src\Authentication\LocalAuthenticator.php(140): CodeIgniter\BaseModel->first()
#6 C:\xampp\htdocs\Projek_web2\vendor\myth\auth\src\Authentication\LocalAuthenticator.php(19): Myth\Auth\Authentication\LocalAuthenticator->validate(Array, true)
#7 C:\xampp\htdocs\Projek_web2\app\Controllers\AuthController.php(87): Myth\Auth\Authentication\LocalAuthenticator->attempt(Array, false)
#8 C:\xampp\htdocs\Projek_web2\system\CodeIgniter.php(933): App\Controllers\AuthController->attemptLogin()
#9 C:\xampp\htdocs\Projek_web2\system\CodeIgniter.php(507): CodeIgniter\CodeIgniter->runController(Object(App\Controllers\AuthController))
#10 C:\xampp\htdocs\Projek_web2\system\CodeIgniter.php(354): CodeIgniter\CodeIgniter->handleRequest(NULL, Object(Config\Cache), false)
#11 C:\xampp\htdocs\Projek_web2\system\Boot.php(363): CodeIgniter\CodeIgniter->run()
#12 C:\xampp\htdocs\Projek_web2\system\Boot.php(68): CodeIgniter\Boot::runCodeIgniter(Object(CodeIgniter\CodeIgniter))
#13 C:\xampp\htdocs\Projek_web2\public\index.php(59): CodeIgniter\Boot::bootWeb(Object(Config\Paths))
#14 C:\xampp\htdocs\Projek_web2\system\rewrite.php(44): require_once('C:\\xampp\\htdocs...')
#15 {main}
CRITICAL - 2025-11-18 11:51:21 --> CodeIgniter\Database\Exceptions\DatabaseException: Unable to connect to the database.
Main connection [MySQLi]: Unknown database 'db_warungkita'
[Method: POST, Route: login]
in SYSTEMPATH\Database\BaseConnection.php on line 465.
 1 SYSTEMPATH\Database\BaseConnection.php(614): CodeIgniter\Database\BaseConnection->initialize()
 2 SYSTEMPATH\Database\BaseBuilder.php(1649): CodeIgniter\Database\BaseConnection->query('SELECT *
FROM `users`
WHERE `email` = :email:
AND `users`.`deleted_at` IS NULL
 LIMIT 1', [...], false)
 3 SYSTEMPATH\Model.php(330): CodeIgniter\Database\BaseBuilder->get()
 4 SYSTEMPATH\BaseModel.php(715): CodeIgniter\Model->doFirst()
 5 VENDORPATH\myth\auth\src\Authentication\LocalAuthenticator.php(140): CodeIgniter\BaseModel->first()
 6 VENDORPATH\myth\auth\src\Authentication\LocalAuthenticator.php(19): Myth\Auth\Authentication\LocalAuthenticator->validate([...], true)
 7 APPPATH\Controllers\AuthController.php(87): Myth\Auth\Authentication\LocalAuthenticator->attempt([...], false)
 8 SYSTEMPATH\CodeIgniter.php(933): App\Controllers\AuthController->attemptLogin()
 9 SYSTEMPATH\CodeIgniter.php(507): CodeIgniter\CodeIgniter->runController(Object(App\Controllers\AuthController))
10 SYSTEMPATH\CodeIgniter.php(354): CodeIgniter\CodeIgniter->handleRequest(null, Object(Config\Cache), false)
11 SYSTEMPATH\Boot.php(363): CodeIgniter\CodeIgniter->run()
12 SYSTEMPATH\Boot.php(68): CodeIgniter\Boot::runCodeIgniter(Object(CodeIgniter\CodeIgniter))
13 FCPATH\index.php(59): CodeIgniter\Boot::bootWeb(Object(Config\Paths))
14 SYSTEMPATH\rewrite.php(44): require_once('C:\\xampp\\htdocs\\Projek_web2\\public\\index.php')
INFO - 2025-11-18 11:52:11 --> CSRF token verified.
DEBUG - 2025-11-18 11:52:11 --> Session: Class initialized using 'CodeIgniter\Session\Handlers\FileHandler' driver.
ERROR - 2025-11-18 11:52:11 --> Error connecting to the database: mysqli_sql_exception: Unknown database 'db_warungkita' in C:\xampp\htdocs\Projek_web2\system\Database\MySQLi\Connection.php:201
Stack trace:
#0 C:\xampp\htdocs\Projek_web2\system\Database\MySQLi\Connection.php(201): mysqli->real_connect('localhost', 'root', Object(SensitiveParameterValue), 'db_warungkita', 3306, '', 0)
#1 C:\xampp\htdocs\Projek_web2\system\Database\BaseConnection.php(419): CodeIgniter\Database\MySQLi\Connection->connect(false)
#2 C:\xampp\htdocs\Projek_web2\system\Database\BaseConnection.php(614): CodeIgniter\Database\BaseConnection->initialize()
#3 C:\xampp\htdocs\Projek_web2\system\Database\BaseBuilder.php(1649): CodeIgniter\Database\BaseConnection->query('SELECT *\nFROM `...', Array, false)
#4 C:\xampp\htdocs\Projek_web2\system\Model.php(330): CodeIgniter\Database\BaseBuilder->get()
#5 C:\xampp\htdocs\Projek_web2\system\BaseModel.php(715): CodeIgniter\Model->doFirst()
#6 C:\xampp\htdocs\Projek_web2\vendor\myth\auth\src\Authentication\LocalAuthenticator.php(140): CodeIgniter\BaseModel->first()
#7 C:\xampp\htdocs\Projek_web2\vendor\myth\auth\src\Authentication\LocalAuthenticator.php(19): Myth\Auth\Authentication\LocalAuthenticator->validate(Array, true)
#8 C:\xampp\htdocs\Projek_web2\app\Controllers\AuthController.php(87): Myth\Auth\Authentication\LocalAuthenticator->attempt(Array, false)
#9 C:\xampp\htdocs\Projek_web2\system\CodeIgniter.php(933): App\Controllers\AuthController->attemptLogin()
#10 C:\xampp\htdocs\Projek_web2\system\CodeIgniter.php(507): CodeIgniter\CodeIgniter->runController(Object(App\Controllers\AuthController))
#11 C:\xampp\htdocs\Projek_web2\system\CodeIgniter.php(354): CodeIgniter\CodeIgniter->handleRequest(NULL, Object(Config\Cache), false)
#12 C:\xampp\htdocs\Projek_web2\system\Boot.php(363): CodeIgniter\CodeIgniter->run()
#13 C:\xampp\htdocs\Projek_web2\system\Boot.php(68): CodeIgniter\Boot::runCodeIgniter(Object(CodeIgniter\CodeIgniter))
#14 C:\xampp\htdocs\Projek_web2\public\index.php(59): CodeIgniter\Boot::bootWeb(Object(Config\Paths))
#15 C:\xampp\htdocs\Projek_web2\system\rewrite.php(44): require_once('C:\\xampp\\htdocs...')
#16 {main}

Next CodeIgniter\Database\Exceptions\DatabaseException: Unknown database 'db_warungkita' in C:\xampp\htdocs\Projek_web2\system\Database\MySQLi\Connection.php:246
Stack trace:
#0 C:\xampp\htdocs\Projek_web2\system\Database\BaseConnection.php(419): CodeIgniter\Database\MySQLi\Connection->connect(false)
#1 C:\xampp\htdocs\Projek_web2\system\Database\BaseConnection.php(614): CodeIgniter\Database\BaseConnection->initialize()
#2 C:\xampp\htdocs\Projek_web2\system\Database\BaseBuilder.php(1649): CodeIgniter\Database\BaseConnection->query('SELECT *\nFROM `...', Array, false)
#3 C:\xampp\htdocs\Projek_web2\system\Model.php(330): CodeIgniter\Database\BaseBuilder->get()
#4 C:\xampp\htdocs\Projek_web2\system\BaseModel.php(715): CodeIgniter\Model->doFirst()
#5 C:\xampp\htdocs\Projek_web2\vendor\myth\auth\src\Authentication\LocalAuthenticator.php(140): CodeIgniter\BaseModel->first()
#6 C:\xampp\htdocs\Projek_web2\vendor\myth\auth\src\Authentication\LocalAuthenticator.php(19): Myth\Auth\Authentication\LocalAuthenticator->validate(Array, true)
#7 C:\xampp\htdocs\Projek_web2\app\Controllers\AuthController.php(87): Myth\Auth\Authentication\LocalAuthenticator->attempt(Array, false)
#8 C:\xampp\htdocs\Projek_web2\system\CodeIgniter.php(933): App\Controllers\AuthController->attemptLogin()
#9 C:\xampp\htdocs\Projek_web2\system\CodeIgniter.php(507): CodeIgniter\CodeIgniter->runController(Object(App\Controllers\AuthController))
#10 C:\xampp\htdocs\Projek_web2\system\CodeIgniter.php(354): CodeIgniter\CodeIgniter->handleRequest(NULL, Object(Config\Cache), false)
#11 C:\xampp\htdocs\Projek_web2\system\Boot.php(363): CodeIgniter\CodeIgniter->run()
#12 C:\xampp\htdocs\Projek_web2\system\Boot.php(68): CodeIgniter\Boot::runCodeIgniter(Object(CodeIgniter\CodeIgniter))
#13 C:\xampp\htdocs\Projek_web2\public\index.php(59): CodeIgniter\Boot::bootWeb(Object(Config\Paths))
#14 C:\xampp\htdocs\Projek_web2\system\rewrite.php(44): require_once('C:\\xampp\\htdocs...')
#15 {main}
CRITICAL - 2025-11-18 11:52:11 --> CodeIgniter\Database\Exceptions\DatabaseException: Unable to connect to the database.
Main connection [MySQLi]: Unknown database 'db_warungkita'
[Method: POST, Route: login]
in SYSTEMPATH\Database\BaseConnection.php on line 465.
 1 SYSTEMPATH\Database\BaseConnection.php(614): CodeIgniter\Database\BaseConnection->initialize()
 2 SYSTEMPATH\Database\BaseBuilder.php(1649): CodeIgniter\Database\BaseConnection->query('SELECT *
FROM `users`
WHERE `email` = :email:
AND `users`.`deleted_at` IS NULL
 LIMIT 1', [...], false)
 3 SYSTEMPATH\Model.php(330): CodeIgniter\Database\BaseBuilder->get()
 4 SYSTEMPATH\BaseModel.php(715): CodeIgniter\Model->doFirst()
 5 VENDORPATH\myth\auth\src\Authentication\LocalAuthenticator.php(140): CodeIgniter\BaseModel->first()
 6 VENDORPATH\myth\auth\src\Authentication\LocalAuthenticator.php(19): Myth\Auth\Authentication\LocalAuthenticator->validate([...], true)
 7 APPPATH\Controllers\AuthController.php(87): Myth\Auth\Authentication\LocalAuthenticator->attempt([...], false)
 8 SYSTEMPATH\CodeIgniter.php(933): App\Controllers\AuthController->attemptLogin()
 9 SYSTEMPATH\CodeIgniter.php(507): CodeIgniter\CodeIgniter->runController(Object(App\Controllers\AuthController))
10 SYSTEMPATH\CodeIgniter.php(354): CodeIgniter\CodeIgniter->handleRequest(null, Object(Config\Cache), false)
11 SYSTEMPATH\Boot.php(363): CodeIgniter\CodeIgniter->run()
12 SYSTEMPATH\Boot.php(68): CodeIgniter\Boot::runCodeIgniter(Object(CodeIgniter\CodeIgniter))
13 FCPATH\index.php(59): CodeIgniter\Boot::bootWeb(Object(Config\Paths))
14 SYSTEMPATH\rewrite.php(44): require_once('C:\\xampp\\htdocs\\Projek_web2\\public\\index.php')
DEBUG - 2025-11-18 11:52:13 --> Session: Class initialized using 'CodeIgniter\Session\Handlers\FileHandler' driver.
INFO - 2025-11-18 11:52:18 --> CSRF token verified.
DEBUG - 2025-11-18 11:52:18 --> Session: Class initialized using 'CodeIgniter\Session\Handlers\FileHandler' driver.
ERROR - 2025-11-18 11:52:18 --> Error connecting to the database: mysqli_sql_exception: Unknown database 'db_warungkita' in C:\xampp\htdocs\Projek_web2\system\Database\MySQLi\Connection.php:201
Stack trace:
#0 C:\xampp\htdocs\Projek_web2\system\Database\MySQLi\Connection.php(201): mysqli->real_connect('localhost', 'root', Object(SensitiveParameterValue), 'db_warungkita', 3306, '', 0)
#1 C:\xampp\htdocs\Projek_web2\system\Database\BaseConnection.php(419): CodeIgniter\Database\MySQLi\Connection->connect(false)
#2 C:\xampp\htdocs\Projek_web2\system\Database\BaseConnection.php(614): CodeIgniter\Database\BaseConnection->initialize()
#3 C:\xampp\htdocs\Projek_web2\system\Database\BaseBuilder.php(1649): CodeIgniter\Database\BaseConnection->query('SELECT *\nFROM `...', Array, false)
#4 C:\xampp\htdocs\Projek_web2\system\Model.php(330): CodeIgniter\Database\BaseBuilder->get()
#5 C:\xampp\htdocs\Projek_web2\system\BaseModel.php(715): CodeIgniter\Model->doFirst()
#6 C:\xampp\htdocs\Projek_web2\vendor\myth\auth\src\Authentication\LocalAuthenticator.php(140): CodeIgniter\BaseModel->first()
#7 C:\xampp\htdocs\Projek_web2\vendor\myth\auth\src\Authentication\LocalAuthenticator.php(19): Myth\Auth\Authentication\LocalAuthenticator->validate(Array, true)
#8 C:\xampp\htdocs\Projek_web2\app\Controllers\AuthController.php(87): Myth\Auth\Authentication\LocalAuthenticator->attempt(Array, false)
#9 C:\xampp\htdocs\Projek_web2\system\CodeIgniter.php(933): App\Controllers\AuthController->attemptLogin()
#10 C:\xampp\htdocs\Projek_web2\system\CodeIgniter.php(507): CodeIgniter\CodeIgniter->runController(Object(App\Controllers\AuthController))
#11 C:\xampp\htdocs\Projek_web2\system\CodeIgniter.php(354): CodeIgniter\CodeIgniter->handleRequest(NULL, Object(Config\Cache), false)
#12 C:\xampp\htdocs\Projek_web2\system\Boot.php(363): CodeIgniter\CodeIgniter->run()
#13 C:\xampp\htdocs\Projek_web2\system\Boot.php(68): CodeIgniter\Boot::runCodeIgniter(Object(CodeIgniter\CodeIgniter))
#14 C:\xampp\htdocs\Projek_web2\public\index.php(59): CodeIgniter\Boot::bootWeb(Object(Config\Paths))
#15 C:\xampp\htdocs\Projek_web2\system\rewrite.php(44): require_once('C:\\xampp\\htdocs...')
#16 {main}

Next CodeIgniter\Database\Exceptions\DatabaseException: Unknown database 'db_warungkita' in C:\xampp\htdocs\Projek_web2\system\Database\MySQLi\Connection.php:246
Stack trace:
#0 C:\xampp\htdocs\Projek_web2\system\Database\BaseConnection.php(419): CodeIgniter\Database\MySQLi\Connection->connect(false)
#1 C:\xampp\htdocs\Projek_web2\system\Database\BaseConnection.php(614): CodeIgniter\Database\BaseConnection->initialize()
#2 C:\xampp\htdocs\Projek_web2\system\Database\BaseBuilder.php(1649): CodeIgniter\Database\BaseConnection->query('SELECT *\nFROM `...', Array, false)
#3 C:\xampp\htdocs\Projek_web2\system\Model.php(330): CodeIgniter\Database\BaseBuilder->get()
#4 C:\xampp\htdocs\Projek_web2\system\BaseModel.php(715): CodeIgniter\Model->doFirst()
#5 C:\xampp\htdocs\Projek_web2\vendor\myth\auth\src\Authentication\LocalAuthenticator.php(140): CodeIgniter\BaseModel->first()
#6 C:\xampp\htdocs\Projek_web2\vendor\myth\auth\src\Authentication\LocalAuthenticator.php(19): Myth\Auth\Authentication\LocalAuthenticator->validate(Array, true)
#7 C:\xampp\htdocs\Projek_web2\app\Controllers\AuthController.php(87): Myth\Auth\Authentication\LocalAuthenticator->attempt(Array, false)
#8 C:\xampp\htdocs\Projek_web2\system\CodeIgniter.php(933): App\Controllers\AuthController->attemptLogin()
#9 C:\xampp\htdocs\Projek_web2\system\CodeIgniter.php(507): CodeIgniter\CodeIgniter->runController(Object(App\Controllers\AuthController))
#10 C:\xampp\htdocs\Projek_web2\system\CodeIgniter.php(354): CodeIgniter\CodeIgniter->handleRequest(NULL, Object(Config\Cache), false)
#11 C:\xampp\htdocs\Projek_web2\system\Boot.php(363): CodeIgniter\CodeIgniter->run()
#12 C:\xampp\htdocs\Projek_web2\system\Boot.php(68): CodeIgniter\Boot::runCodeIgniter(Object(CodeIgniter\CodeIgniter))
#13 C:\xampp\htdocs\Projek_web2\public\index.php(59): CodeIgniter\Boot::bootWeb(Object(Config\Paths))
#14 C:\xampp\htdocs\Projek_web2\system\rewrite.php(44): require_once('C:\\xampp\\htdocs...')
#15 {main}
CRITICAL - 2025-11-18 11:52:18 --> CodeIgniter\Database\Exceptions\DatabaseException: Unable to connect to the database.
Main connection [MySQLi]: Unknown database 'db_warungkita'
[Method: POST, Route: login]
in SYSTEMPATH\Database\BaseConnection.php on line 465.
 1 SYSTEMPATH\Database\BaseConnection.php(614): CodeIgniter\Database\BaseConnection->initialize()
 2 SYSTEMPATH\Database\BaseBuilder.php(1649): CodeIgniter\Database\BaseConnection->query('SELECT *
FROM `users`
WHERE `email` = :email:
AND `users`.`deleted_at` IS NULL
 LIMIT 1', [...], false)
 3 SYSTEMPATH\Model.php(330): CodeIgniter\Database\BaseBuilder->get()
 4 SYSTEMPATH\BaseModel.php(715): CodeIgniter\Model->doFirst()
 5 VENDORPATH\myth\auth\src\Authentication\LocalAuthenticator.php(140): CodeIgniter\BaseModel->first()
 6 VENDORPATH\myth\auth\src\Authentication\LocalAuthenticator.php(19): Myth\Auth\Authentication\LocalAuthenticator->validate([...], true)
 7 APPPATH\Controllers\AuthController.php(87): Myth\Auth\Authentication\LocalAuthenticator->attempt([...], false)
 8 SYSTEMPATH\CodeIgniter.php(933): App\Controllers\AuthController->attemptLogin()
 9 SYSTEMPATH\CodeIgniter.php(507): CodeIgniter\CodeIgniter->runController(Object(App\Controllers\AuthController))
10 SYSTEMPATH\CodeIgniter.php(354): CodeIgniter\CodeIgniter->handleRequest(null, Object(Config\Cache), false)
11 SYSTEMPATH\Boot.php(363): CodeIgniter\CodeIgniter->run()
12 SYSTEMPATH\Boot.php(68): CodeIgniter\Boot::runCodeIgniter(Object(CodeIgniter\CodeIgniter))
13 FCPATH\index.php(59): CodeIgniter\Boot::bootWeb(Object(Config\Paths))
14 SYSTEMPATH\rewrite.php(44): require_once('C:\\xampp\\htdocs\\Projek_web2\\public\\index.php')
DEBUG - 2025-11-18 11:52:25 --> Session: Class initialized using 'CodeIgniter\Session\Handlers\FileHandler' driver.
INFO - 2025-11-18 11:52:31 --> CSRF token verified.
DEBUG - 2025-11-18 11:52:31 --> Session: Class initialized using 'CodeIgniter\Session\Handlers\FileHandler' driver.
ERROR - 2025-11-18 11:52:31 --> Error connecting to the database: mysqli_sql_exception: Unknown database 'db_warungkita' in C:\xampp\htdocs\Projek_web2\system\Database\MySQLi\Connection.php:201
Stack trace:
#0 C:\xampp\htdocs\Projek_web2\system\Database\MySQLi\Connection.php(201): mysqli->real_connect('localhost', 'root', Object(SensitiveParameterValue), 'db_warungkita', 3306, '', 0)
#1 C:\xampp\htdocs\Projek_web2\system\Database\BaseConnection.php(419): CodeIgniter\Database\MySQLi\Connection->connect(false)
#2 C:\xampp\htdocs\Projek_web2\system\Database\BaseConnection.php(614): CodeIgniter\Database\BaseConnection->initialize()
#3 C:\xampp\htdocs\Projek_web2\system\Database\BaseBuilder.php(1649): CodeIgniter\Database\BaseConnection->query('SELECT *\nFROM `...', Array, false)
#4 C:\xampp\htdocs\Projek_web2\system\Model.php(330): CodeIgniter\Database\BaseBuilder->get()
#5 C:\xampp\htdocs\Projek_web2\system\BaseModel.php(715): CodeIgniter\Model->doFirst()
#6 C:\xampp\htdocs\Projek_web2\vendor\myth\auth\src\Authentication\LocalAuthenticator.php(140): CodeIgniter\BaseModel->first()
#7 C:\xampp\htdocs\Projek_web2\vendor\myth\auth\src\Authentication\LocalAuthenticator.php(19): Myth\Auth\Authentication\LocalAuthenticator->validate(Array, true)
#8 C:\xampp\htdocs\Projek_web2\app\Controllers\AuthController.php(87): Myth\Auth\Authentication\LocalAuthenticator->attempt(Array, false)
#9 C:\xampp\htdocs\Projek_web2\system\CodeIgniter.php(933): App\Controllers\AuthController->attemptLogin()
#10 C:\xampp\htdocs\Projek_web2\system\CodeIgniter.php(507): CodeIgniter\CodeIgniter->runController(Object(App\Controllers\AuthController))
#11 C:\xampp\htdocs\Projek_web2\system\CodeIgniter.php(354): CodeIgniter\CodeIgniter->handleRequest(NULL, Object(Config\Cache), false)
#12 C:\xampp\htdocs\Projek_web2\system\Boot.php(363): CodeIgniter\CodeIgniter->run()
#13 C:\xampp\htdocs\Projek_web2\system\Boot.php(68): CodeIgniter\Boot::runCodeIgniter(Object(CodeIgniter\CodeIgniter))
#14 C:\xampp\htdocs\Projek_web2\public\index.php(59): CodeIgniter\Boot::bootWeb(Object(Config\Paths))
#15 C:\xampp\htdocs\Projek_web2\system\rewrite.php(44): require_once('C:\\xampp\\htdocs...')
#16 {main}

Next CodeIgniter\Database\Exceptions\DatabaseException: Unknown database 'db_warungkita' in C:\xampp\htdocs\Projek_web2\system\Database\MySQLi\Connection.php:246
Stack trace:
#0 C:\xampp\htdocs\Projek_web2\system\Database\BaseConnection.php(419): CodeIgniter\Database\MySQLi\Connection->connect(false)
#1 C:\xampp\htdocs\Projek_web2\system\Database\BaseConnection.php(614): CodeIgniter\Database\BaseConnection->initialize()
#2 C:\xampp\htdocs\Projek_web2\system\Database\BaseBuilder.php(1649): CodeIgniter\Database\BaseConnection->query('SELECT *\nFROM `...', Array, false)
#3 C:\xampp\htdocs\Projek_web2\system\Model.php(330): CodeIgniter\Database\BaseBuilder->get()
#4 C:\xampp\htdocs\Projek_web2\system\BaseModel.php(715): CodeIgniter\Model->doFirst()
#5 C:\xampp\htdocs\Projek_web2\vendor\myth\auth\src\Authentication\LocalAuthenticator.php(140): CodeIgniter\BaseModel->first()
#6 C:\xampp\htdocs\Projek_web2\vendor\myth\auth\src\Authentication\LocalAuthenticator.php(19): Myth\Auth\Authentication\LocalAuthenticator->validate(Array, true)
#7 C:\xampp\htdocs\Projek_web2\app\Controllers\AuthController.php(87): Myth\Auth\Authentication\LocalAuthenticator->attempt(Array, false)
#8 C:\xampp\htdocs\Projek_web2\system\CodeIgniter.php(933): App\Controllers\AuthController->attemptLogin()
#9 C:\xampp\htdocs\Projek_web2\system\CodeIgniter.php(507): CodeIgniter\CodeIgniter->runController(Object(App\Controllers\AuthController))
#10 C:\xampp\htdocs\Projek_web2\system\CodeIgniter.php(354): CodeIgniter\CodeIgniter->handleRequest(NULL, Object(Config\Cache), false)
#11 C:\xampp\htdocs\Projek_web2\system\Boot.php(363): CodeIgniter\CodeIgniter->run()
#12 C:\xampp\htdocs\Projek_web2\system\Boot.php(68): CodeIgniter\Boot::runCodeIgniter(Object(CodeIgniter\CodeIgniter))
#13 C:\xampp\htdocs\Projek_web2\public\index.php(59): CodeIgniter\Boot::bootWeb(Object(Config\Paths))
#14 C:\xampp\htdocs\Projek_web2\system\rewrite.php(44): require_once('C:\\xampp\\htdocs...')
#15 {main}
CRITICAL - 2025-11-18 11:52:31 --> CodeIgniter\Database\Exceptions\DatabaseException: Unable to connect to the database.
Main connection [MySQLi]: Unknown database 'db_warungkita'
[Method: POST, Route: login]
in SYSTEMPATH\Database\BaseConnection.php on line 465.
 1 SYSTEMPATH\Database\BaseConnection.php(614): CodeIgniter\Database\BaseConnection->initialize()
 2 SYSTEMPATH\Database\BaseBuilder.php(1649): CodeIgniter\Database\BaseConnection->query('SELECT *
FROM `users`
WHERE `email` = :email:
AND `users`.`deleted_at` IS NULL
 LIMIT 1', [...], false)
 3 SYSTEMPATH\Model.php(330): CodeIgniter\Database\BaseBuilder->get()
 4 SYSTEMPATH\BaseModel.php(715): CodeIgniter\Model->doFirst()
 5 VENDORPATH\myth\auth\src\Authentication\LocalAuthenticator.php(140): CodeIgniter\BaseModel->first()
 6 VENDORPATH\myth\auth\src\Authentication\LocalAuthenticator.php(19): Myth\Auth\Authentication\LocalAuthenticator->validate([...], true)
 7 APPPATH\Controllers\AuthController.php(87): Myth\Auth\Authentication\LocalAuthenticator->attempt([...], false)
 8 SYSTEMPATH\CodeIgniter.php(933): App\Controllers\AuthController->attemptLogin()
 9 SYSTEMPATH\CodeIgniter.php(507): CodeIgniter\CodeIgniter->runController(Object(App\Controllers\AuthController))
10 SYSTEMPATH\CodeIgniter.php(354): CodeIgniter\CodeIgniter->handleRequest(null, Object(Config\Cache), false)
11 SYSTEMPATH\Boot.php(363): CodeIgniter\CodeIgniter->run()
12 SYSTEMPATH\Boot.php(68): CodeIgniter\Boot::runCodeIgniter(Object(CodeIgniter\CodeIgniter))
13 FCPATH\index.php(59): CodeIgniter\Boot::bootWeb(Object(Config\Paths))
14 SYSTEMPATH\rewrite.php(44): require_once('C:\\xampp\\htdocs\\Projek_web2\\public\\index.php')
DEBUG - 2025-11-18 11:52:34 --> Session: Class initialized using 'CodeIgniter\Session\Handlers\FileHandler' driver.
DEBUG - 2025-11-18 11:52:38 --> Session: Class initialized using 'CodeIgniter\Session\Handlers\FileHandler' driver.
INFO - 2025-11-18 11:52:50 --> CSRF token verified.
DEBUG - 2025-11-18 11:52:50 --> Session: Class initialized using 'CodeIgniter\Session\Handlers\FileHandler' driver.
ERROR - 2025-11-18 11:52:50 --> Error connecting to the database: mysqli_sql_exception: Unknown database 'db_warungkita' in C:\xampp\htdocs\Projek_web2\system\Database\MySQLi\Connection.php:201
Stack trace:
#0 C:\xampp\htdocs\Projek_web2\system\Database\MySQLi\Connection.php(201): mysqli->real_connect('localhost', 'root', Object(SensitiveParameterValue), 'db_warungkita', 3306, '', 0)
#1 C:\xampp\htdocs\Projek_web2\system\Database\BaseConnection.php(419): CodeIgniter\Database\MySQLi\Connection->connect(false)
#2 C:\xampp\htdocs\Projek_web2\system\Database\BaseConnection.php(614): CodeIgniter\Database\BaseConnection->initialize()
#3 C:\xampp\htdocs\Projek_web2\system\Database\BaseBuilder.php(1649): CodeIgniter\Database\BaseConnection->query('SELECT 1\nFROM `...', Array, false)
#4 C:\xampp\htdocs\Projek_web2\system\Validation\Rules.php(175): CodeIgniter\Database\BaseBuilder->get()
#5 C:\xampp\htdocs\Projek_web2\system\Validation\StrictRules\Rules.php(187): CodeIgniter\Validation\Rules->is_unique('monyetMengetik', 'users.username', Array)
#6 C:\xampp\htdocs\Projek_web2\system\Validation\Validation.php(336): CodeIgniter\Validation\StrictRules\Rules->is_unique('monyetMengetik', 'users.username', Array, NULL, 'username')
#7 C:\xampp\htdocs\Projek_web2\system\Validation\Validation.php(201): CodeIgniter\Validation\Validation->processRules('username', 'username', 'monyetMengetik', Array, Array, 'username')
#8 C:\xampp\htdocs\Projek_web2\system\Controller.php(138): CodeIgniter\Validation\Validation->run()
#9 C:\xampp\htdocs\Projek_web2\app\Controllers\AuthController.php(154): CodeIgniter\Controller->validate(Array)
#10 C:\xampp\htdocs\Projek_web2\system\CodeIgniter.php(933): App\Controllers\AuthController->attemptRegister()
#11 C:\xampp\htdocs\Projek_web2\system\CodeIgniter.php(507): CodeIgniter\CodeIgniter->runController(Object(App\Controllers\AuthController))
#12 C:\xampp\htdocs\Projek_web2\system\CodeIgniter.php(354): CodeIgniter\CodeIgniter->handleRequest(NULL, Object(Config\Cache), false)
#13 C:\xampp\htdocs\Projek_web2\system\Boot.php(363): CodeIgniter\CodeIgniter->run()
#14 C:\xampp\htdocs\Projek_web2\system\Boot.php(68): CodeIgniter\Boot::runCodeIgniter(Object(CodeIgniter\CodeIgniter))
#15 C:\xampp\htdocs\Projek_web2\public\index.php(59): CodeIgniter\Boot::bootWeb(Object(Config\Paths))
#16 C:\xampp\htdocs\Projek_web2\system\rewrite.php(44): require_once('C:\\xampp\\htdocs...')
#17 {main}

Next CodeIgniter\Database\Exceptions\DatabaseException: Unknown database 'db_warungkita' in C:\xampp\htdocs\Projek_web2\system\Database\MySQLi\Connection.php:246
Stack trace:
#0 C:\xampp\htdocs\Projek_web2\system\Database\BaseConnection.php(419): CodeIgniter\Database\MySQLi\Connection->connect(false)
#1 C:\xampp\htdocs\Projek_web2\system\Database\BaseConnection.php(614): CodeIgniter\Database\BaseConnection->initialize()
#2 C:\xampp\htdocs\Projek_web2\system\Database\BaseBuilder.php(1649): CodeIgniter\Database\BaseConnection->query('SELECT 1\nFROM `...', Array, false)
#3 C:\xampp\htdocs\Projek_web2\system\Validation\Rules.php(175): CodeIgniter\Database\BaseBuilder->get()
#4 C:\xampp\htdocs\Projek_web2\system\Validation\StrictRules\Rules.php(187): CodeIgniter\Validation\Rules->is_unique('monyetMengetik', 'users.username', Array)
#5 C:\xampp\htdocs\Projek_web2\system\Validation\Validation.php(336): CodeIgniter\Validation\StrictRules\Rules->is_unique('monyetMengetik', 'users.username', Array, NULL, 'username')
#6 C:\xampp\htdocs\Projek_web2\system\Validation\Validation.php(201): CodeIgniter\Validation\Validation->processRules('username', 'username', 'monyetMengetik', Array, Array, 'username')
#7 C:\xampp\htdocs\Projek_web2\system\Controller.php(138): CodeIgniter\Validation\Validation->run()
#8 C:\xampp\htdocs\Projek_web2\app\Controllers\AuthController.php(154): CodeIgniter\Controller->validate(Array)
#9 C:\xampp\htdocs\Projek_web2\system\CodeIgniter.php(933): App\Controllers\AuthController->attemptRegister()
#10 C:\xampp\htdocs\Projek_web2\system\CodeIgniter.php(507): CodeIgniter\CodeIgniter->runController(Object(App\Controllers\AuthController))
#11 C:\xampp\htdocs\Projek_web2\system\CodeIgniter.php(354): CodeIgniter\CodeIgniter->handleRequest(NULL, Object(Config\Cache), false)
#12 C:\xampp\htdocs\Projek_web2\system\Boot.php(363): CodeIgniter\CodeIgniter->run()
#13 C:\xampp\htdocs\Projek_web2\system\Boot.php(68): CodeIgniter\Boot::runCodeIgniter(Object(CodeIgniter\CodeIgniter))
#14 C:\xampp\htdocs\Projek_web2\public\index.php(59): CodeIgniter\Boot::bootWeb(Object(Config\Paths))
#15 C:\xampp\htdocs\Projek_web2\system\rewrite.php(44): require_once('C:\\xampp\\htdocs...')
#16 {main}
CRITICAL - 2025-11-18 11:52:50 --> CodeIgniter\Database\Exceptions\DatabaseException: Unable to connect to the database.
Main connection [MySQLi]: Unknown database 'db_warungkita'
[Method: POST, Route: register]
in SYSTEMPATH\Database\BaseConnection.php on line 465.
 1 SYSTEMPATH\Database\BaseConnection.php(614): CodeIgniter\Database\BaseConnection->initialize()
 2 SYSTEMPATH\Database\BaseBuilder.php(1649): CodeIgniter\Database\BaseConnection->query('SELECT 1
FROM `users`
WHERE `username` = :username:
 LIMIT 1', [...], false)
 3 SYSTEMPATH\Validation\Rules.php(175): CodeIgniter\Database\BaseBuilder->get()
 4 SYSTEMPATH\Validation\StrictRules\Rules.php(187): CodeIgniter\Validation\Rules->is_unique('monyetMengetik', 'users.username', [...])
 5 SYSTEMPATH\Validation\Validation.php(336): CodeIgniter\Validation\StrictRules\Rules->is_unique('monyetMengetik', 'users.username', [...], null, 'username')
 6 SYSTEMPATH\Validation\Validation.php(201): CodeIgniter\Validation\Validation->processRules('username', 'username', 'monyetMengetik', [...], [...], 'username')
 7 SYSTEMPATH\Controller.php(138): CodeIgniter\Validation\Validation->run()
 8 APPPATH\Controllers\AuthController.php(154): CodeIgniter\Controller->validate([...])
 9 SYSTEMPATH\CodeIgniter.php(933): App\Controllers\AuthController->attemptRegister()
10 SYSTEMPATH\CodeIgniter.php(507): CodeIgniter\CodeIgniter->runController(Object(App\Controllers\AuthController))
11 SYSTEMPATH\CodeIgniter.php(354): CodeIgniter\CodeIgniter->handleRequest(null, Object(Config\Cache), false)
12 SYSTEMPATH\Boot.php(363): CodeIgniter\CodeIgniter->run()
13 SYSTEMPATH\Boot.php(68): CodeIgniter\Boot::runCodeIgniter(Object(CodeIgniter\CodeIgniter))
14 FCPATH\index.php(59): CodeIgniter\Boot::bootWeb(Object(Config\Paths))
15 SYSTEMPATH\rewrite.php(44): require_once('C:\\xampp\\htdocs\\Projek_web2\\public\\index.php')
ERROR - 2025-11-18 11:54:10 --> Error connecting to the database: mysqli_sql_exception: Unknown database 'db_warungkita' in C:\xampp\htdocs\Projek_web2\system\Database\MySQLi\Connection.php:201
Stack trace:
#0 C:\xampp\htdocs\Projek_web2\system\Database\MySQLi\Connection.php(201): mysqli->real_connect('localhost', 'root', Object(SensitiveParameterValue), 'db_warungkita', 3306, '', 0)
#1 C:\xampp\htdocs\Projek_web2\system\Database\BaseConnection.php(419): CodeIgniter\Database\MySQLi\Connection->connect(false)
#2 C:\xampp\htdocs\Projek_web2\system\Database\BaseConnection.php(614): CodeIgniter\Database\BaseConnection->initialize()
#3 C:\xampp\htdocs\Projek_web2\system\Database\BaseConnection.php(1525): CodeIgniter\Database\BaseConnection->query('SHOW TABLES FRO...')
#4 C:\xampp\htdocs\Projek_web2\system\Database\BaseConnection.php(1545): CodeIgniter\Database\BaseConnection->listTables()
#5 C:\xampp\htdocs\Projek_web2\system\Database\MigrationRunner.php(768): CodeIgniter\Database\BaseConnection->tableExists('migrations')
#6 C:\xampp\htdocs\Projek_web2\system\Database\MigrationRunner.php(162): CodeIgniter\Database\MigrationRunner->ensureTable()
#7 C:\xampp\htdocs\Projek_web2\system\Commands\Database\Migrate.php(85): CodeIgniter\Database\MigrationRunner->latest(NULL)
#8 C:\xampp\htdocs\Projek_web2\system\CLI\Commands.php(74): CodeIgniter\Commands\Database\Migrate->run(Array)
#9 C:\xampp\htdocs\Projek_web2\system\CLI\Console.php(47): CodeIgniter\CLI\Commands->run('migrate', Array)
#10 C:\xampp\htdocs\Projek_web2\system\Boot.php(388): CodeIgniter\CLI\Console->run()
#11 C:\xampp\htdocs\Projek_web2\system\Boot.php(133): CodeIgniter\Boot::runCommand(Object(CodeIgniter\CLI\Console))
#12 C:\xampp\htdocs\Projek_web2\spark(87): CodeIgniter\Boot::bootSpark(Object(Config\Paths))
#13 {main}

Next CodeIgniter\Database\Exceptions\DatabaseException: Unknown database 'db_warungkita' in C:\xampp\htdocs\Projek_web2\system\Database\MySQLi\Connection.php:246
Stack trace:
#0 C:\xampp\htdocs\Projek_web2\system\Database\BaseConnection.php(419): CodeIgniter\Database\MySQLi\Connection->connect(false)
#1 C:\xampp\htdocs\Projek_web2\system\Database\BaseConnection.php(614): CodeIgniter\Database\BaseConnection->initialize()
#2 C:\xampp\htdocs\Projek_web2\system\Database\BaseConnection.php(1525): CodeIgniter\Database\BaseConnection->query('SHOW TABLES FRO...')
#3 C:\xampp\htdocs\Projek_web2\system\Database\BaseConnection.php(1545): CodeIgniter\Database\BaseConnection->listTables()
#4 C:\xampp\htdocs\Projek_web2\system\Database\MigrationRunner.php(768): CodeIgniter\Database\BaseConnection->tableExists('migrations')
#5 C:\xampp\htdocs\Projek_web2\system\Database\MigrationRunner.php(162): CodeIgniter\Database\MigrationRunner->ensureTable()
#6 C:\xampp\htdocs\Projek_web2\system\Commands\Database\Migrate.php(85): CodeIgniter\Database\MigrationRunner->latest(NULL)
#7 C:\xampp\htdocs\Projek_web2\system\CLI\Commands.php(74): CodeIgniter\Commands\Database\Migrate->run(Array)
#8 C:\xampp\htdocs\Projek_web2\system\CLI\Console.php(47): CodeIgniter\CLI\Commands->run('migrate', Array)
#9 C:\xampp\htdocs\Projek_web2\system\Boot.php(388): CodeIgniter\CLI\Console->run()
#10 C:\xampp\htdocs\Projek_web2\system\Boot.php(133): CodeIgniter\Boot::runCommand(Object(CodeIgniter\CLI\Console))
#11 C:\xampp\htdocs\Projek_web2\spark(87): CodeIgniter\Boot::bootSpark(Object(Config\Paths))
#12 {main}
ERROR - 2025-11-18 11:54:21 --> Error connecting to the database: mysqli_sql_exception: Unknown database 'db_warungkita' in C:\xampp\htdocs\Projek_web2\system\Database\MySQLi\Connection.php:201
Stack trace:
#0 C:\xampp\htdocs\Projek_web2\system\Database\MySQLi\Connection.php(201): mysqli->real_connect('localhost', 'root', Object(SensitiveParameterValue), 'db_warungkita', 3306, '', 0)
#1 C:\xampp\htdocs\Projek_web2\system\Database\BaseConnection.php(419): CodeIgniter\Database\MySQLi\Connection->connect(false)
#2 C:\xampp\htdocs\Projek_web2\system\Database\Database.php(72): CodeIgniter\Database\BaseConnection->initialize()
#3 C:\xampp\htdocs\Projek_web2\system\Database\Config.php(109): CodeIgniter\Database\Database->loadForge(Object(CodeIgniter\Database\MySQLi\Connection))
#4 C:\xampp\htdocs\Projek_web2\system\Database\Seeder.php(98): CodeIgniter\Database\Config::forge(NULL)
#5 C:\xampp\htdocs\Projek_web2\system\Commands\Database\Seed.php(71): CodeIgniter\Database\Seeder->__construct(Object(Config\Database))
#6 C:\xampp\htdocs\Projek_web2\system\CLI\Commands.php(74): CodeIgniter\Commands\Database\Seed->run(Array)
#7 C:\xampp\htdocs\Projek_web2\system\CLI\Console.php(47): CodeIgniter\CLI\Commands->run('db:seed', Array)
#8 C:\xampp\htdocs\Projek_web2\system\Boot.php(388): CodeIgniter\CLI\Console->run()
#9 C:\xampp\htdocs\Projek_web2\system\Boot.php(133): CodeIgniter\Boot::runCommand(Object(CodeIgniter\CLI\Console))
#10 C:\xampp\htdocs\Projek_web2\spark(87): CodeIgniter\Boot::bootSpark(Object(Config\Paths))
#11 {main}

Next CodeIgniter\Database\Exceptions\DatabaseException: Unknown database 'db_warungkita' in C:\xampp\htdocs\Projek_web2\system\Database\MySQLi\Connection.php:246
Stack trace:
#0 C:\xampp\htdocs\Projek_web2\system\Database\BaseConnection.php(419): CodeIgniter\Database\MySQLi\Connection->connect(false)
#1 C:\xampp\htdocs\Projek_web2\system\Database\Database.php(72): CodeIgniter\Database\BaseConnection->initialize()
#2 C:\xampp\htdocs\Projek_web2\system\Database\Config.php(109): CodeIgniter\Database\Database->loadForge(Object(CodeIgniter\Database\MySQLi\Connection))
#3 C:\xampp\htdocs\Projek_web2\system\Database\Seeder.php(98): CodeIgniter\Database\Config::forge(NULL)
#4 C:\xampp\htdocs\Projek_web2\system\Commands\Database\Seed.php(71): CodeIgniter\Database\Seeder->__construct(Object(Config\Database))
#5 C:\xampp\htdocs\Projek_web2\system\CLI\Commands.php(74): CodeIgniter\Commands\Database\Seed->run(Array)
#6 C:\xampp\htdocs\Projek_web2\system\CLI\Console.php(47): CodeIgniter\CLI\Commands->run('db:seed', Array)
#7 C:\xampp\htdocs\Projek_web2\system\Boot.php(388): CodeIgniter\CLI\Console->run()
#8 C:\xampp\htdocs\Projek_web2\system\Boot.php(133): CodeIgniter\Boot::runCommand(Object(CodeIgniter\CLI\Console))
#9 C:\xampp\htdocs\Projek_web2\spark(87): CodeIgniter\Boot::bootSpark(Object(Config\Paths))
#10 {main}
CRITICAL - 2025-11-18 11:54:21 --> CodeIgniter\Database\Exceptions\DatabaseException: Unable to connect to the database.
Main connection [MySQLi]: Unknown database 'db_warungkita'
[Method: CLI, Route: db:seed/UserSeeder]
in SYSTEMPATH\Database\BaseConnection.php on line 465.
 1 SYSTEMPATH\Database\Database.php(72): CodeIgniter\Database\BaseConnection->initialize()
 2 SYSTEMPATH\Database\Config.php(109): CodeIgniter\Database\Database->loadForge(Object(CodeIgniter\Database\MySQLi\Connection))
 3 SYSTEMPATH\Database\Seeder.php(98): CodeIgniter\Database\Config::forge(null)
 4 SYSTEMPATH\Commands\Database\Seed.php(71): CodeIgniter\Database\Seeder->__construct(Object(Config\Database))
 5 SYSTEMPATH\CLI\Commands.php(74): CodeIgniter\Commands\Database\Seed->run([...])
 6 SYSTEMPATH\CLI\Console.php(47): CodeIgniter\CLI\Commands->run('db:seed', [...])
 7 SYSTEMPATH\Boot.php(388): CodeIgniter\CLI\Console->run()
 8 SYSTEMPATH\Boot.php(133): CodeIgniter\Boot::runCommand(Object(CodeIgniter\CLI\Console))
 9 ROOTPATH\spark(87): CodeIgniter\Boot::bootSpark(Object(Config\Paths))
DEBUG - 2025-11-18 11:55:00 --> Session: Class initialized using 'CodeIgniter\Session\Handlers\FileHandler' driver.
INFO - 2025-11-18 11:55:09 --> CSRF token verified.
DEBUG - 2025-11-18 11:55:09 --> Session: Class initialized using 'CodeIgniter\Session\Handlers\FileHandler' driver.
ERROR - 2025-11-18 11:55:09 --> Error connecting to the database: mysqli_sql_exception: Unknown database 'db_warungkita' in C:\xampp\htdocs\Projek_web2\system\Database\MySQLi\Connection.php:201
Stack trace:
#0 C:\xampp\htdocs\Projek_web2\system\Database\MySQLi\Connection.php(201): mysqli->real_connect('localhost', 'root', Object(SensitiveParameterValue), 'db_warungkita', 3306, '', 0)
#1 C:\xampp\htdocs\Projek_web2\system\Database\BaseConnection.php(419): CodeIgniter\Database\MySQLi\Connection->connect(false)
#2 C:\xampp\htdocs\Projek_web2\system\Database\BaseConnection.php(614): CodeIgniter\Database\BaseConnection->initialize()
#3 C:\xampp\htdocs\Projek_web2\system\Database\BaseBuilder.php(1649): CodeIgniter\Database\BaseConnection->query('SELECT 1\nFROM `...', Array, false)
#4 C:\xampp\htdocs\Projek_web2\system\Validation\Rules.php(175): CodeIgniter\Database\BaseBuilder->get()
#5 C:\xampp\htdocs\Projek_web2\system\Validation\StrictRules\Rules.php(187): CodeIgniter\Validation\Rules->is_unique('monyetMengetik', 'users.username', Array)
#6 C:\xampp\htdocs\Projek_web2\system\Validation\Validation.php(336): CodeIgniter\Validation\StrictRules\Rules->is_unique('monyetMengetik', 'users.username', Array, NULL, 'username')
#7 C:\xampp\htdocs\Projek_web2\system\Validation\Validation.php(201): CodeIgniter\Validation\Validation->processRules('username', 'username', 'monyetMengetik', Array, Array, 'username')
#8 C:\xampp\htdocs\Projek_web2\system\Controller.php(138): CodeIgniter\Validation\Validation->run()
#9 C:\xampp\htdocs\Projek_web2\app\Controllers\AuthController.php(154): CodeIgniter\Controller->validate(Array)
#10 C:\xampp\htdocs\Projek_web2\system\CodeIgniter.php(933): App\Controllers\AuthController->attemptRegister()
#11 C:\xampp\htdocs\Projek_web2\system\CodeIgniter.php(507): CodeIgniter\CodeIgniter->runController(Object(App\Controllers\AuthController))
#12 C:\xampp\htdocs\Projek_web2\system\CodeIgniter.php(354): CodeIgniter\CodeIgniter->handleRequest(NULL, Object(Config\Cache), false)
#13 C:\xampp\htdocs\Projek_web2\system\Boot.php(363): CodeIgniter\CodeIgniter->run()
#14 C:\xampp\htdocs\Projek_web2\system\Boot.php(68): CodeIgniter\Boot::runCodeIgniter(Object(CodeIgniter\CodeIgniter))
#15 C:\xampp\htdocs\Projek_web2\public\index.php(59): CodeIgniter\Boot::bootWeb(Object(Config\Paths))
#16 C:\xampp\htdocs\Projek_web2\system\rewrite.php(44): require_once('C:\\xampp\\htdocs...')
#17 {main}

Next CodeIgniter\Database\Exceptions\DatabaseException: Unknown database 'db_warungkita' in C:\xampp\htdocs\Projek_web2\system\Database\MySQLi\Connection.php:246
Stack trace:
#0 C:\xampp\htdocs\Projek_web2\system\Database\BaseConnection.php(419): CodeIgniter\Database\MySQLi\Connection->connect(false)
#1 C:\xampp\htdocs\Projek_web2\system\Database\BaseConnection.php(614): CodeIgniter\Database\BaseConnection->initialize()
#2 C:\xampp\htdocs\Projek_web2\system\Database\BaseBuilder.php(1649): CodeIgniter\Database\BaseConnection->query('SELECT 1\nFROM `...', Array, false)
#3 C:\xampp\htdocs\Projek_web2\system\Validation\Rules.php(175): CodeIgniter\Database\BaseBuilder->get()
#4 C:\xampp\htdocs\Projek_web2\system\Validation\StrictRules\Rules.php(187): CodeIgniter\Validation\Rules->is_unique('monyetMengetik', 'users.username', Array)
#5 C:\xampp\htdocs\Projek_web2\system\Validation\Validation.php(336): CodeIgniter\Validation\StrictRules\Rules->is_unique('monyetMengetik', 'users.username', Array, NULL, 'username')
#6 C:\xampp\htdocs\Projek_web2\system\Validation\Validation.php(201): CodeIgniter\Validation\Validation->processRules('username', 'username', 'monyetMengetik', Array, Array, 'username')
#7 C:\xampp\htdocs\Projek_web2\system\Controller.php(138): CodeIgniter\Validation\Validation->run()
#8 C:\xampp\htdocs\Projek_web2\app\Controllers\AuthController.php(154): CodeIgniter\Controller->validate(Array)
#9 C:\xampp\htdocs\Projek_web2\system\CodeIgniter.php(933): App\Controllers\AuthController->attemptRegister()
#10 C:\xampp\htdocs\Projek_web2\system\CodeIgniter.php(507): CodeIgniter\CodeIgniter->runController(Object(App\Controllers\AuthController))
#11 C:\xampp\htdocs\Projek_web2\system\CodeIgniter.php(354): CodeIgniter\CodeIgniter->handleRequest(NULL, Object(Config\Cache), false)
#12 C:\xampp\htdocs\Projek_web2\system\Boot.php(363): CodeIgniter\CodeIgniter->run()
#13 C:\xampp\htdocs\Projek_web2\system\Boot.php(68): CodeIgniter\Boot::runCodeIgniter(Object(CodeIgniter\CodeIgniter))
#14 C:\xampp\htdocs\Projek_web2\public\index.php(59): CodeIgniter\Boot::bootWeb(Object(Config\Paths))
#15 C:\xampp\htdocs\Projek_web2\system\rewrite.php(44): require_once('C:\\xampp\\htdocs...')
#16 {main}
CRITICAL - 2025-11-18 11:55:09 --> CodeIgniter\Database\Exceptions\DatabaseException: Unable to connect to the database.
Main connection [MySQLi]: Unknown database 'db_warungkita'
[Method: POST, Route: register]
in SYSTEMPATH\Database\BaseConnection.php on line 465.
 1 SYSTEMPATH\Database\BaseConnection.php(614): CodeIgniter\Database\BaseConnection->initialize()
 2 SYSTEMPATH\Database\BaseBuilder.php(1649): CodeIgniter\Database\BaseConnection->query('SELECT 1
FROM `users`
WHERE `username` = :username:
 LIMIT 1', [...], false)
 3 SYSTEMPATH\Validation\Rules.php(175): CodeIgniter\Database\BaseBuilder->get()
 4 SYSTEMPATH\Validation\StrictRules\Rules.php(187): CodeIgniter\Validation\Rules->is_unique('monyetMengetik', 'users.username', [...])
 5 SYSTEMPATH\Validation\Validation.php(336): CodeIgniter\Validation\StrictRules\Rules->is_unique('monyetMengetik', 'users.username', [...], null, 'username')
 6 SYSTEMPATH\Validation\Validation.php(201): CodeIgniter\Validation\Validation->processRules('username', 'username', 'monyetMengetik', [...], [...], 'username')
 7 SYSTEMPATH\Controller.php(138): CodeIgniter\Validation\Validation->run()
 8 APPPATH\Controllers\AuthController.php(154): CodeIgniter\Controller->validate([...])
 9 SYSTEMPATH\CodeIgniter.php(933): App\Controllers\AuthController->attemptRegister()
10 SYSTEMPATH\CodeIgniter.php(507): CodeIgniter\CodeIgniter->runController(Object(App\Controllers\AuthController))
11 SYSTEMPATH\CodeIgniter.php(354): CodeIgniter\CodeIgniter->handleRequest(null, Object(Config\Cache), false)
12 SYSTEMPATH\Boot.php(363): CodeIgniter\CodeIgniter->run()
13 SYSTEMPATH\Boot.php(68): CodeIgniter\Boot::runCodeIgniter(Object(CodeIgniter\CodeIgniter))
14 FCPATH\index.php(59): CodeIgniter\Boot::bootWeb(Object(Config\Paths))
15 SYSTEMPATH\rewrite.php(44): require_once('C:\\xampp\\htdocs\\Projek_web2\\public\\index.php')
DEBUG - 2025-11-18 11:55:11 --> Session: Class initialized using 'CodeIgniter\Session\Handlers\FileHandler' driver.
DEBUG - 2025-11-18 11:55:12 --> Session: Class initialized using 'CodeIgniter\Session\Handlers\FileHandler' driver.
INFO - 2025-11-18 11:55:17 --> CSRF token verified.
DEBUG - 2025-11-18 11:55:17 --> Session: Class initialized using 'CodeIgniter\Session\Handlers\FileHandler' driver.
ERROR - 2025-11-18 11:55:17 --> Error connecting to the database: mysqli_sql_exception: Unknown database 'db_warungkita' in C:\xampp\htdocs\Projek_web2\system\Database\MySQLi\Connection.php:201
Stack trace:
#0 C:\xampp\htdocs\Projek_web2\system\Database\MySQLi\Connection.php(201): mysqli->real_connect('localhost', 'root', Object(SensitiveParameterValue), 'db_warungkita', 3306, '', 0)
#1 C:\xampp\htdocs\Projek_web2\system\Database\BaseConnection.php(419): CodeIgniter\Database\MySQLi\Connection->connect(false)
#2 C:\xampp\htdocs\Projek_web2\system\Database\BaseConnection.php(614): CodeIgniter\Database\BaseConnection->initialize()
#3 C:\xampp\htdocs\Projek_web2\system\Database\BaseBuilder.php(1649): CodeIgniter\Database\BaseConnection->query('SELECT *\nFROM `...', Array, false)
#4 C:\xampp\htdocs\Projek_web2\system\Model.php(330): CodeIgniter\Database\BaseBuilder->get()
#5 C:\xampp\htdocs\Projek_web2\system\BaseModel.php(715): CodeIgniter\Model->doFirst()
#6 C:\xampp\htdocs\Projek_web2\vendor\myth\auth\src\Authentication\LocalAuthenticator.php(140): CodeIgniter\BaseModel->first()
#7 C:\xampp\htdocs\Projek_web2\vendor\myth\auth\src\Authentication\LocalAuthenticator.php(19): Myth\Auth\Authentication\LocalAuthenticator->validate(Array, true)
#8 C:\xampp\htdocs\Projek_web2\app\Controllers\AuthController.php(87): Myth\Auth\Authentication\LocalAuthenticator->attempt(Array, false)
#9 C:\xampp\htdocs\Projek_web2\system\CodeIgniter.php(933): App\Controllers\AuthController->attemptLogin()
#10 C:\xampp\htdocs\Projek_web2\system\CodeIgniter.php(507): CodeIgniter\CodeIgniter->runController(Object(App\Controllers\AuthController))
#11 C:\xampp\htdocs\Projek_web2\system\CodeIgniter.php(354): CodeIgniter\CodeIgniter->handleRequest(NULL, Object(Config\Cache), false)
#12 C:\xampp\htdocs\Projek_web2\system\Boot.php(363): CodeIgniter\CodeIgniter->run()
#13 C:\xampp\htdocs\Projek_web2\system\Boot.php(68): CodeIgniter\Boot::runCodeIgniter(Object(CodeIgniter\CodeIgniter))
#14 C:\xampp\htdocs\Projek_web2\public\index.php(59): CodeIgniter\Boot::bootWeb(Object(Config\Paths))
#15 C:\xampp\htdocs\Projek_web2\system\rewrite.php(44): require_once('C:\\xampp\\htdocs...')
#16 {main}

Next CodeIgniter\Database\Exceptions\DatabaseException: Unknown database 'db_warungkita' in C:\xampp\htdocs\Projek_web2\system\Database\MySQLi\Connection.php:246
Stack trace:
#0 C:\xampp\htdocs\Projek_web2\system\Database\BaseConnection.php(419): CodeIgniter\Database\MySQLi\Connection->connect(false)
#1 C:\xampp\htdocs\Projek_web2\system\Database\BaseConnection.php(614): CodeIgniter\Database\BaseConnection->initialize()
#2 C:\xampp\htdocs\Projek_web2\system\Database\BaseBuilder.php(1649): CodeIgniter\Database\BaseConnection->query('SELECT *\nFROM `...', Array, false)
#3 C:\xampp\htdocs\Projek_web2\system\Model.php(330): CodeIgniter\Database\BaseBuilder->get()
#4 C:\xampp\htdocs\Projek_web2\system\BaseModel.php(715): CodeIgniter\Model->doFirst()
#5 C:\xampp\htdocs\Projek_web2\vendor\myth\auth\src\Authentication\LocalAuthenticator.php(140): CodeIgniter\BaseModel->first()
#6 C:\xampp\htdocs\Projek_web2\vendor\myth\auth\src\Authentication\LocalAuthenticator.php(19): Myth\Auth\Authentication\LocalAuthenticator->validate(Array, true)
#7 C:\xampp\htdocs\Projek_web2\app\Controllers\AuthController.php(87): Myth\Auth\Authentication\LocalAuthenticator->attempt(Array, false)
#8 C:\xampp\htdocs\Projek_web2\system\CodeIgniter.php(933): App\Controllers\AuthController->attemptLogin()
#9 C:\xampp\htdocs\Projek_web2\system\CodeIgniter.php(507): CodeIgniter\CodeIgniter->runController(Object(App\Controllers\AuthController))
#10 C:\xampp\htdocs\Projek_web2\system\CodeIgniter.php(354): CodeIgniter\CodeIgniter->handleRequest(NULL, Object(Config\Cache), false)
#11 C:\xampp\htdocs\Projek_web2\system\Boot.php(363): CodeIgniter\CodeIgniter->run()
#12 C:\xampp\htdocs\Projek_web2\system\Boot.php(68): CodeIgniter\Boot::runCodeIgniter(Object(CodeIgniter\CodeIgniter))
#13 C:\xampp\htdocs\Projek_web2\public\index.php(59): CodeIgniter\Boot::bootWeb(Object(Config\Paths))
#14 C:\xampp\htdocs\Projek_web2\system\rewrite.php(44): require_once('C:\\xampp\\htdocs...')
#15 {main}
CRITICAL - 2025-11-18 11:55:17 --> CodeIgniter\Database\Exceptions\DatabaseException: Unable to connect to the database.
Main connection [MySQLi]: Unknown database 'db_warungkita'
[Method: POST, Route: login]
in SYSTEMPATH\Database\BaseConnection.php on line 465.
 1 SYSTEMPATH\Database\BaseConnection.php(614): CodeIgniter\Database\BaseConnection->initialize()
 2 SYSTEMPATH\Database\BaseBuilder.php(1649): CodeIgniter\Database\BaseConnection->query('SELECT *
FROM `users`
WHERE `email` = :email:
AND `users`.`deleted_at` IS NULL
 LIMIT 1', [...], false)
 3 SYSTEMPATH\Model.php(330): CodeIgniter\Database\BaseBuilder->get()
 4 SYSTEMPATH\BaseModel.php(715): CodeIgniter\Model->doFirst()
 5 VENDORPATH\myth\auth\src\Authentication\LocalAuthenticator.php(140): CodeIgniter\BaseModel->first()
 6 VENDORPATH\myth\auth\src\Authentication\LocalAuthenticator.php(19): Myth\Auth\Authentication\LocalAuthenticator->validate([...], true)
 7 APPPATH\Controllers\AuthController.php(87): Myth\Auth\Authentication\LocalAuthenticator->attempt([...], false)
 8 SYSTEMPATH\CodeIgniter.php(933): App\Controllers\AuthController->attemptLogin()
 9 SYSTEMPATH\CodeIgniter.php(507): CodeIgniter\CodeIgniter->runController(Object(App\Controllers\AuthController))
10 SYSTEMPATH\CodeIgniter.php(354): CodeIgniter\CodeIgniter->handleRequest(null, Object(Config\Cache), false)
11 SYSTEMPATH\Boot.php(363): CodeIgniter\CodeIgniter->run()
12 SYSTEMPATH\Boot.php(68): CodeIgniter\Boot::runCodeIgniter(Object(CodeIgniter\CodeIgniter))
13 FCPATH\index.php(59): CodeIgniter\Boot::bootWeb(Object(Config\Paths))
14 SYSTEMPATH\rewrite.php(44): require_once('C:\\xampp\\htdocs\\Projek_web2\\public\\index.php')
DEBUG - 2025-11-18 11:55:19 --> Session: Class initialized using 'CodeIgniter\Session\Handlers\FileHandler' driver.
INFO - 2025-11-18 11:55:22 --> CSRF token verified.
DEBUG - 2025-11-18 11:55:22 --> Session: Class initialized using 'CodeIgniter\Session\Handlers\FileHandler' driver.
ERROR - 2025-11-18 11:55:22 --> Error connecting to the database: mysqli_sql_exception: Unknown database 'db_warungkita' in C:\xampp\htdocs\Projek_web2\system\Database\MySQLi\Connection.php:201
Stack trace:
#0 C:\xampp\htdocs\Projek_web2\system\Database\MySQLi\Connection.php(201): mysqli->real_connect('localhost', 'root', Object(SensitiveParameterValue), 'db_warungkita', 3306, '', 0)
#1 C:\xampp\htdocs\Projek_web2\system\Database\BaseConnection.php(419): CodeIgniter\Database\MySQLi\Connection->connect(false)
#2 C:\xampp\htdocs\Projek_web2\system\Database\BaseConnection.php(614): CodeIgniter\Database\BaseConnection->initialize()
#3 C:\xampp\htdocs\Projek_web2\system\Database\BaseBuilder.php(1649): CodeIgniter\Database\BaseConnection->query('SELECT *\nFROM `...', Array, false)
#4 C:\xampp\htdocs\Projek_web2\system\Model.php(330): CodeIgniter\Database\BaseBuilder->get()
#5 C:\xampp\htdocs\Projek_web2\system\BaseModel.php(715): CodeIgniter\Model->doFirst()
#6 C:\xampp\htdocs\Projek_web2\vendor\myth\auth\src\Authentication\LocalAuthenticator.php(140): CodeIgniter\BaseModel->first()
#7 C:\xampp\htdocs\Projek_web2\vendor\myth\auth\src\Authentication\LocalAuthenticator.php(19): Myth\Auth\Authentication\LocalAuthenticator->validate(Array, true)
#8 C:\xampp\htdocs\Projek_web2\app\Controllers\AuthController.php(87): Myth\Auth\Authentication\LocalAuthenticator->attempt(Array, false)
#9 C:\xampp\htdocs\Projek_web2\system\CodeIgniter.php(933): App\Controllers\AuthController->attemptLogin()
#10 C:\xampp\htdocs\Projek_web2\system\CodeIgniter.php(507): CodeIgniter\CodeIgniter->runController(Object(App\Controllers\AuthController))
#11 C:\xampp\htdocs\Projek_web2\system\CodeIgniter.php(354): CodeIgniter\CodeIgniter->handleRequest(NULL, Object(Config\Cache), false)
#12 C:\xampp\htdocs\Projek_web2\system\Boot.php(363): CodeIgniter\CodeIgniter->run()
#13 C:\xampp\htdocs\Projek_web2\system\Boot.php(68): CodeIgniter\Boot::runCodeIgniter(Object(CodeIgniter\CodeIgniter))
#14 C:\xampp\htdocs\Projek_web2\public\index.php(59): CodeIgniter\Boot::bootWeb(Object(Config\Paths))
#15 C:\xampp\htdocs\Projek_web2\system\rewrite.php(44): require_once('C:\\xampp\\htdocs...')
#16 {main}

Next CodeIgniter\Database\Exceptions\DatabaseException: Unknown database 'db_warungkita' in C:\xampp\htdocs\Projek_web2\system\Database\MySQLi\Connection.php:246
Stack trace:
#0 C:\xampp\htdocs\Projek_web2\system\Database\BaseConnection.php(419): CodeIgniter\Database\MySQLi\Connection->connect(false)
#1 C:\xampp\htdocs\Projek_web2\system\Database\BaseConnection.php(614): CodeIgniter\Database\BaseConnection->initialize()
#2 C:\xampp\htdocs\Projek_web2\system\Database\BaseBuilder.php(1649): CodeIgniter\Database\BaseConnection->query('SELECT *\nFROM `...', Array, false)
#3 C:\xampp\htdocs\Projek_web2\system\Model.php(330): CodeIgniter\Database\BaseBuilder->get()
#4 C:\xampp\htdocs\Projek_web2\system\BaseModel.php(715): CodeIgniter\Model->doFirst()
#5 C:\xampp\htdocs\Projek_web2\vendor\myth\auth\src\Authentication\LocalAuthenticator.php(140): CodeIgniter\BaseModel->first()
#6 C:\xampp\htdocs\Projek_web2\vendor\myth\auth\src\Authentication\LocalAuthenticator.php(19): Myth\Auth\Authentication\LocalAuthenticator->validate(Array, true)
#7 C:\xampp\htdocs\Projek_web2\app\Controllers\AuthController.php(87): Myth\Auth\Authentication\LocalAuthenticator->attempt(Array, false)
#8 C:\xampp\htdocs\Projek_web2\system\CodeIgniter.php(933): App\Controllers\AuthController->attemptLogin()
#9 C:\xampp\htdocs\Projek_web2\system\CodeIgniter.php(507): CodeIgniter\CodeIgniter->runController(Object(App\Controllers\AuthController))
#10 C:\xampp\htdocs\Projek_web2\system\CodeIgniter.php(354): CodeIgniter\CodeIgniter->handleRequest(NULL, Object(Config\Cache), false)
#11 C:\xampp\htdocs\Projek_web2\system\Boot.php(363): CodeIgniter\CodeIgniter->run()
#12 C:\xampp\htdocs\Projek_web2\system\Boot.php(68): CodeIgniter\Boot::runCodeIgniter(Object(CodeIgniter\CodeIgniter))
#13 C:\xampp\htdocs\Projek_web2\public\index.php(59): CodeIgniter\Boot::bootWeb(Object(Config\Paths))
#14 C:\xampp\htdocs\Projek_web2\system\rewrite.php(44): require_once('C:\\xampp\\htdocs...')
#15 {main}
CRITICAL - 2025-11-18 11:55:22 --> CodeIgniter\Database\Exceptions\DatabaseException: Unable to connect to the database.
Main connection [MySQLi]: Unknown database 'db_warungkita'
[Method: POST, Route: login]
in SYSTEMPATH\Database\BaseConnection.php on line 465.
 1 SYSTEMPATH\Database\BaseConnection.php(614): CodeIgniter\Database\BaseConnection->initialize()
 2 SYSTEMPATH\Database\BaseBuilder.php(1649): CodeIgniter\Database\BaseConnection->query('SELECT *
FROM `users`
WHERE `email` = :email:
AND `users`.`deleted_at` IS NULL
 LIMIT 1', [...], false)
 3 SYSTEMPATH\Model.php(330): CodeIgniter\Database\BaseBuilder->get()
 4 SYSTEMPATH\BaseModel.php(715): CodeIgniter\Model->doFirst()
 5 VENDORPATH\myth\auth\src\Authentication\LocalAuthenticator.php(140): CodeIgniter\BaseModel->first()
 6 VENDORPATH\myth\auth\src\Authentication\LocalAuthenticator.php(19): Myth\Auth\Authentication\LocalAuthenticator->validate([...], true)
 7 APPPATH\Controllers\AuthController.php(87): Myth\Auth\Authentication\LocalAuthenticator->attempt([...], false)
 8 SYSTEMPATH\CodeIgniter.php(933): App\Controllers\AuthController->attemptLogin()
 9 SYSTEMPATH\CodeIgniter.php(507): CodeIgniter\CodeIgniter->runController(Object(App\Controllers\AuthController))
10 SYSTEMPATH\CodeIgniter.php(354): CodeIgniter\CodeIgniter->handleRequest(null, Object(Config\Cache), false)
11 SYSTEMPATH\Boot.php(363): CodeIgniter\CodeIgniter->run()
12 SYSTEMPATH\Boot.php(68): CodeIgniter\Boot::runCodeIgniter(Object(CodeIgniter\CodeIgniter))
13 FCPATH\index.php(59): CodeIgniter\Boot::bootWeb(Object(Config\Paths))
14 SYSTEMPATH\rewrite.php(44): require_once('C:\\xampp\\htdocs\\Projek_web2\\public\\index.php')
DEBUG - 2025-11-18 11:55:24 --> Session: Class initialized using 'CodeIgniter\Session\Handlers\FileHandler' driver.
INFO - 2025-11-18 11:56:49 --> CSRF token verified.
DEBUG - 2025-11-18 11:56:49 --> Session: Class initialized using 'CodeIgniter\Session\Handlers\FileHandler' driver.
DEBUG - 2025-11-18 11:56:49 --> Session: Class initialized using 'CodeIgniter\Session\Handlers\FileHandler' driver.
INFO - 2025-11-18 11:56:54 --> CSRF token verified.
DEBUG - 2025-11-18 11:56:54 --> Session: Class initialized using 'CodeIgniter\Session\Handlers\FileHandler' driver.
DEBUG - 2025-11-18 11:56:55 --> Session: Class initialized using 'CodeIgniter\Session\Handlers\FileHandler' driver.
INFO - 2025-11-18 11:58:12 --> CSRF token verified.
DEBUG - 2025-11-18 11:58:12 --> Session: Class initialized using 'CodeIgniter\Session\Handlers\FileHandler' driver.
DEBUG - 2025-11-18 11:58:13 --> Session: Class initialized using 'CodeIgniter\Session\Handlers\FileHandler' driver.
INFO - 2025-11-18 11:58:43 --> CSRF token verified.
DEBUG - 2025-11-18 11:58:43 --> Session: Class initialized using 'CodeIgniter\Session\Handlers\FileHandler' driver.
DEBUG - 2025-11-18 11:58:43 --> Session: Class initialized using 'CodeIgniter\Session\Handlers\FileHandler' driver.
DEBUG - 2025-11-18 11:59:03 --> Session: Class initialized using 'CodeIgniter\Session\Handlers\FileHandler' driver.
INFO - 2025-11-18 11:59:08 --> CSRF token verified.
DEBUG - 2025-11-18 11:59:08 --> Session: Class initialized using 'CodeIgniter\Session\Handlers\FileHandler' driver.
DEBUG - 2025-11-18 11:59:09 --> Session: Class initialized using 'CodeIgniter\Session\Handlers\FileHandler' driver.
ERROR - 2025-11-18 11:59:30 --> mysqli_sql_exception: Duplicate entry 'admin@warungkita.com' for key 'email' in C:\xampp\htdocs\Projek_web2\system\Database\MySQLi\Connection.php:327
Stack trace:
#0 C:\xampp\htdocs\Projek_web2\system\Database\MySQLi\Connection.php(327): mysqli->query('INSERT INTO `us...', 0)
#1 C:\xampp\htdocs\Projek_web2\system\Database\BaseConnection.php(729): CodeIgniter\Database\MySQLi\Connection->execute('INSERT INTO `us...')
#2 C:\xampp\htdocs\Projek_web2\system\Database\BaseConnection.php(646): CodeIgniter\Database\BaseConnection->simpleQuery('INSERT INTO `us...')
#3 C:\xampp\htdocs\Projek_web2\system\Database\BaseBuilder.php(2345): CodeIgniter\Database\BaseConnection->query('INSERT INTO `us...', Array, false)
#4 C:\xampp\htdocs\Projek_web2\app\Database\Seeds\UserSeeder.php(19): CodeIgniter\Database\BaseBuilder->insert(Array)
#5 C:\xampp\htdocs\Projek_web2\system\Database\Seeder.php(149): App\Database\Seeds\UserSeeder->run()
#6 C:\xampp\htdocs\Projek_web2\system\Commands\Database\Seed.php(79): CodeIgniter\Database\Seeder->call('App\\Database\\Se...')
#7 C:\xampp\htdocs\Projek_web2\system\CLI\Commands.php(74): CodeIgniter\Commands\Database\Seed->run(Array)
#8 C:\xampp\htdocs\Projek_web2\system\CLI\Console.php(47): CodeIgniter\CLI\Commands->run('db:seed', Array)
#9 C:\xampp\htdocs\Projek_web2\system\Boot.php(388): CodeIgniter\CLI\Console->run()
#10 C:\xampp\htdocs\Projek_web2\system\Boot.php(133): CodeIgniter\Boot::runCommand(Object(CodeIgniter\CLI\Console))
#11 C:\xampp\htdocs\Projek_web2\spark(87): CodeIgniter\Boot::bootSpark(Object(Config\Paths))
#12 {main}
INFO - 2025-11-18 11:59:36 --> CSRF token verified.
DEBUG - 2025-11-18 11:59:36 --> Session: Class initialized using 'CodeIgniter\Session\Handlers\FileHandler' driver.
DEBUG - 2025-11-18 11:59:36 --> Session: Class initialized using 'CodeIgniter\Session\Handlers\FileHandler' driver.
DEBUG - 2025-11-18 11:59:39 --> Session: Class initialized using 'CodeIgniter\Session\Handlers\FileHandler' driver.
INFO - 2025-11-18 11:59:44 --> CSRF token verified.
DEBUG - 2025-11-18 11:59:44 --> Session: Class initialized using 'CodeIgniter\Session\Handlers\FileHandler' driver.
DEBUG - 2025-11-18 11:59:45 --> Session: Class initialized using 'CodeIgniter\Session\Handlers\FileHandler' driver.
DEBUG - 2025-11-18 12:01:19 --> Session: Class initialized using 'CodeIgniter\Session\Handlers\FileHandler' driver.
INFO - 2025-11-18 12:01:23 --> CSRF token verified.
DEBUG - 2025-11-18 12:01:23 --> Session: Class initialized using 'CodeIgniter\Session\Handlers\FileHandler' driver.
DEBUG - 2025-11-18 12:01:24 --> Session: Class initialized using 'CodeIgniter\Session\Handlers\FileHandler' driver.
INFO - 2025-11-18 12:01:44 --> CSRF token verified.
DEBUG - 2025-11-18 12:01:44 --> Session: Class initialized using 'CodeIgniter\Session\Handlers\FileHandler' driver.
DEBUG - 2025-11-18 12:01:44 --> Session: Class initialized using 'CodeIgniter\Session\Handlers\FileHandler' driver.
INFO - 2025-11-18 12:02:42 --> CSRF token verified.
DEBUG - 2025-11-18 12:02:42 --> Session: Class initialized using 'CodeIgniter\Session\Handlers\FileHandler' driver.
DEBUG - 2025-11-18 12:02:43 --> Session: Class initialized using 'CodeIgniter\Session\Handlers\FileHandler' driver.
INFO - 2025-11-18 12:07:55 --> CSRF token verified.
DEBUG - 2025-11-18 12:07:55 --> Session: Class initialized using 'CodeIgniter\Session\Handlers\FileHandler' driver.
DEBUG - 2025-11-18 12:07:56 --> Session: Class initialized using 'CodeIgniter\Session\Handlers\FileHandler' driver.
INFO - 2025-11-18 12:07:59 --> CSRF token verified.
DEBUG - 2025-11-18 12:07:59 --> Session: Class initialized using 'CodeIgniter\Session\Handlers\FileHandler' driver.
DEBUG - 2025-11-18 12:08:00 --> Session: Class initialized using 'CodeIgniter\Session\Handlers\FileHandler' driver.
INFO - 2025-11-18 12:08:05 --> CSRF token verified.
DEBUG - 2025-11-18 12:08:05 --> Session: Class initialized using 'CodeIgniter\Session\Handlers\FileHandler' driver.
DEBUG - 2025-11-18 12:08:05 --> Session: Class initialized using 'CodeIgniter\Session\Handlers\FileHandler' driver.
INFO - 2025-11-18 12:08:08 --> CSRF token verified.
DEBUG - 2025-11-18 12:08:08 --> Session: Class initialized using 'CodeIgniter\Session\Handlers\FileHandler' driver.
DEBUG - 2025-11-18 12:08:09 --> Session: Class initialized using 'CodeIgniter\Session\Handlers\FileHandler' driver.
DEBUG - 2025-11-18 12:08:17 --> Session: Class initialized using 'CodeIgniter\Session\Handlers\FileHandler' driver.
INFO - 2025-11-18 12:08:40 --> CSRF token verified.
DEBUG - 2025-11-18 12:08:40 --> Session: Class initialized using 'CodeIgniter\Session\Handlers\FileHandler' driver.
DEBUG - 2025-11-18 12:08:41 --> Session: Class initialized using 'CodeIgniter\Session\Handlers\FileHandler' driver.
INFO - 2025-11-18 12:09:40 --> CSRF token verified.
DEBUG - 2025-11-18 12:09:40 --> Session: Class initialized using 'CodeIgniter\Session\Handlers\FileHandler' driver.
DEBUG - 2025-11-18 12:09:41 --> Session: Class initialized using 'CodeIgniter\Session\Handlers\FileHandler' driver.
INFO - 2025-11-18 12:10:12 --> CSRF token verified.
DEBUG - 2025-11-18 12:10:12 --> Session: Class initialized using 'CodeIgniter\Session\Handlers\FileHandler' driver.
DEBUG - 2025-11-18 12:10:12 --> Session: Class initialized using 'CodeIgniter\Session\Handlers\FileHandler' driver.
INFO - 2025-11-18 12:10:58 --> CSRF token verified.
DEBUG - 2025-11-18 12:10:58 --> Session: Class initialized using 'CodeIgniter\Session\Handlers\FileHandler' driver.
DEBUG - 2025-11-18 12:11:05 --> Session: Class initialized using 'CodeIgniter\Session\Handlers\FileHandler' driver.
INFO - 2025-11-18 12:11:28 --> CSRF token verified.
DEBUG - 2025-11-18 12:11:28 --> Session: Class initialized using 'CodeIgniter\Session\Handlers\FileHandler' driver.
DEBUG - 2025-11-18 12:11:29 --> Session: Class initialized using 'CodeIgniter\Session\Handlers\FileHandler' driver.
INFO - 2025-11-18 12:12:28 --> CSRF token verified.
DEBUG - 2025-11-18 12:12:28 --> Session: Class initialized using 'CodeIgniter\Session\Handlers\FileHandler' driver.
DEBUG - 2025-11-18 12:12:28 --> Session: Class initialized using 'CodeIgniter\Session\Handlers\FileHandler' driver.
DEBUG - 2025-11-18 12:12:33 --> Session: Class initialized using 'CodeIgniter\Session\Handlers\FileHandler' driver.
INFO - 2025-11-18 12:12:46 --> CSRF token verified.
DEBUG - 2025-11-18 12:12:46 --> Session: Class initialized using 'CodeIgniter\Session\Handlers\FileHandler' driver.
DEBUG - 2025-11-18 12:12:46 --> Session: Class initialized using 'CodeIgniter\Session\Handlers\FileHandler' driver.
INFO - 2025-11-18 12:12:54 --> CSRF token verified.
DEBUG - 2025-11-18 12:12:54 --> Session: Class initialized using 'CodeIgniter\Session\Handlers\FileHandler' driver.
DEBUG - 2025-11-18 12:12:55 --> Session: Class initialized using 'CodeIgniter\Session\Handlers\FileHandler' driver.
DEBUG - 2025-11-18 12:13:03 --> Session: Class initialized using 'CodeIgniter\Session\Handlers\FileHandler' driver.
INFO - 2025-11-18 12:13:43 --> CSRF token verified.
DEBUG - 2025-11-18 12:13:43 --> Session: Class initialized using 'CodeIgniter\Session\Handlers\FileHandler' driver.
DEBUG - 2025-11-18 12:13:43 --> Session: Class initialized using 'CodeIgniter\Session\Handlers\FileHandler' driver.
INFO - 2025-11-18 12:14:14 --> CSRF token verified.
DEBUG - 2025-11-18 12:14:14 --> Session: Class initialized using 'CodeIgniter\Session\Handlers\FileHandler' driver.
DEBUG - 2025-11-18 12:14:15 --> Session: Class initialized using 'CodeIgniter\Session\Handlers\FileHandler' driver.
INFO - 2025-11-18 12:14:33 --> CSRF token verified.
DEBUG - 2025-11-18 12:14:33 --> Session: Class initialized using 'CodeIgniter\Session\Handlers\FileHandler' driver.
CRITICAL - 2025-11-18 12:19:38 --> CodeIgniter\View\Exceptions\ViewException: Invalid file: "superAdmin/users/index.php"
[Method: GET, Route: superadmin/users]
in SYSTEMPATH\Exceptions\FrameworkException.php on line 39.
 1 SYSTEMPATH\View\View.php(214): CodeIgniter\Exceptions\FrameworkException::forInvalidFile('superAdmin/users/index.php')
 2 SYSTEMPATH\Common.php(1167): CodeIgniter\View\View->render('superAdmin/users/index', [], true)
 3 APPPATH\Controllers\SuperAdmin\UserController.php(28): view('superAdmin/users/index', [...])
 4 SYSTEMPATH\CodeIgniter.php(933): App\Controllers\SuperAdmin\UserController->index()
 5 SYSTEMPATH\CodeIgniter.php(507): CodeIgniter\CodeIgniter->runController(Object(App\Controllers\SuperAdmin\UserController))
 6 SYSTEMPATH\CodeIgniter.php(354): CodeIgniter\CodeIgniter->handleRequest(null, Object(Config\Cache), false)
 7 SYSTEMPATH\Boot.php(363): CodeIgniter\CodeIgniter->run()
 8 SYSTEMPATH\Boot.php(68): CodeIgniter\Boot::runCodeIgniter(Object(CodeIgniter\CodeIgniter))
 9 FCPATH\index.php(59): CodeIgniter\Boot::bootWeb(Object(Config\Paths))
10 SYSTEMPATH\rewrite.php(44): require_once('C:\\xampp\\htdocs\\Projek_web2\\public\\index.php')
CRITICAL - 2025-11-18 12:21:30 --> CodeIgniter\View\Exceptions\ViewException: Invalid file: "superAdmin/users/index.php"
[Method: GET, Route: superadmin/users]
in SYSTEMPATH\Exceptions\FrameworkException.php on line 39.
 1 SYSTEMPATH\View\View.php(214): CodeIgniter\Exceptions\FrameworkException::forInvalidFile('superAdmin/users/index.php')
 2 SYSTEMPATH\Common.php(1167): CodeIgniter\View\View->render('superAdmin/users/index', [], true)
 3 APPPATH\Controllers\SuperAdmin\UserController.php(28): view('superAdmin/users/index', [...])
 4 SYSTEMPATH\CodeIgniter.php(933): App\Controllers\SuperAdmin\UserController->index()
 5 SYSTEMPATH\CodeIgniter.php(507): CodeIgniter\CodeIgniter->runController(Object(App\Controllers\SuperAdmin\UserController))
 6 SYSTEMPATH\CodeIgniter.php(354): CodeIgniter\CodeIgniter->handleRequest(null, Object(Config\Cache), false)
 7 SYSTEMPATH\Boot.php(363): CodeIgniter\CodeIgniter->run()
 8 SYSTEMPATH\Boot.php(68): CodeIgniter\Boot::runCodeIgniter(Object(CodeIgniter\CodeIgniter))
 9 FCPATH\index.php(59): CodeIgniter\Boot::bootWeb(Object(Config\Paths))
10 SYSTEMPATH\rewrite.php(44): require_once('C:\\xampp\\htdocs\\Projek_web2\\public\\index.php')
CRITICAL - 2025-11-18 12:21:51 --> CodeIgniter\View\Exceptions\ViewException: Invalid file: "superAdmin/users/index.php"
[Method: GET, Route: superadmin/users]
in SYSTEMPATH\Exceptions\FrameworkException.php on line 39.
 1 SYSTEMPATH\View\View.php(214): CodeIgniter\Exceptions\FrameworkException::forInvalidFile('superAdmin/users/index.php')
 2 SYSTEMPATH\Common.php(1167): CodeIgniter\View\View->render('superAdmin/users/index', [], true)
 3 APPPATH\Controllers\SuperAdmin\UserController.php(28): view('superAdmin/users/index', [...])
 4 SYSTEMPATH\CodeIgniter.php(933): App\Controllers\SuperAdmin\UserController->index()
 5 SYSTEMPATH\CodeIgniter.php(507): CodeIgniter\CodeIgniter->runController(Object(App\Controllers\SuperAdmin\UserController))
 6 SYSTEMPATH\CodeIgniter.php(354): CodeIgniter\CodeIgniter->handleRequest(null, Object(Config\Cache), false)
 7 SYSTEMPATH\Boot.php(363): CodeIgniter\CodeIgniter->run()
 8 SYSTEMPATH\Boot.php(68): CodeIgniter\Boot::runCodeIgniter(Object(CodeIgniter\CodeIgniter))
 9 FCPATH\index.php(59): CodeIgniter\Boot::bootWeb(Object(Config\Paths))
10 SYSTEMPATH\rewrite.php(44): require_once('C:\\xampp\\htdocs\\Projek_web2\\public\\index.php')
DEBUG - 2025-11-18 12:34:42 --> Session: Class initialized using 'CodeIgniter\Session\Handlers\FileHandler' driver.
INFO - 2025-11-18 12:34:48 --> CSRF token verified.
DEBUG - 2025-11-18 12:34:49 --> Session: Class initialized using 'CodeIgniter\Session\Handlers\FileHandler' driver.
DEBUG - 2025-11-18 12:34:49 --> Session: Class initialized using 'CodeIgniter\Session\Handlers\FileHandler' driver.
DEBUG - 2025-11-18 12:50:28 --> Session: Class initialized using 'CodeIgniter\Session\Handlers\FileHandler' driver.
DEBUG - 2025-11-18 13:07:10 --> Session: Class initialized using 'CodeIgniter\Session\Handlers\FileHandler' driver.
INFO - 2025-11-18 13:14:37 --> CSRF token verified.
DEBUG - 2025-11-18 13:14:37 --> Session: Class initialized using 'CodeIgniter\Session\Handlers\FileHandler' driver.
DEBUG - 2025-11-18 13:17:23 --> Session: Class initialized using 'CodeIgniter\Session\Handlers\FileHandler' driver.
DEBUG - 2025-11-18 13:19:47 --> Session: Class initialized using 'CodeIgniter\Session\Handlers\FileHandler' driver.
DEBUG - 2025-11-18 13:27:44 --> Session: Class initialized using 'CodeIgniter\Session\Handlers\FileHandler' driver.
DEBUG - 2025-11-18 13:27:50 --> Session: Class initialized using 'CodeIgniter\Session\Handlers\FileHandler' driver.
DEBUG - 2025-11-18 13:27:54 --> Session: Class initialized using 'CodeIgniter\Session\Handlers\FileHandler' driver.
DEBUG - 2025-11-18 13:28:02 --> Session: Class initialized using 'CodeIgniter\Session\Handlers\FileHandler' driver.
DEBUG - 2025-11-18 13:35:51 --> Session: Class initialized using 'CodeIgniter\Session\Handlers\FileHandler' driver.
DEBUG - 2025-11-18 13:35:57 --> Session: Class initialized using 'CodeIgniter\Session\Handlers\FileHandler' driver.
INFO - 2025-11-18 13:36:17 --> CSRF token verified.
DEBUG - 2025-11-18 13:36:17 --> Session: Class initialized using 'CodeIgniter\Session\Handlers\FileHandler' driver.
DEBUG - 2025-11-18 13:36:18 --> Session: Class initialized using 'CodeIgniter\Session\Handlers\FileHandler' driver.
DEBUG - 2025-11-18 13:53:45 --> Session: Class initialized using 'CodeIgniter\Session\Handlers\FileHandler' driver.
DEBUG - 2025-11-18 13:53:48 --> Session: Class initialized using 'CodeIgniter\Session\Handlers\FileHandler' driver.
DEBUG - 2025-11-18 13:53:56 --> Session: Class initialized using 'CodeIgniter\Session\Handlers\FileHandler' driver.
DEBUG - 2025-11-18 13:54:11 --> Session: Class initialized using 'CodeIgniter\Session\Handlers\FileHandler' driver.
DEBUG - 2025-11-18 13:59:25 --> Session: Class initialized using 'CodeIgniter\Session\Handlers\FileHandler' driver.
DEBUG - 2025-11-18 14:00:57 --> Session: Class initialized using 'CodeIgniter\Session\Handlers\FileHandler' driver.
DEBUG - 2025-11-18 14:13:55 --> Session: Class initialized using 'CodeIgniter\Session\Handlers\FileHandler' driver.
DEBUG - 2025-11-18 14:14:12 --> Session: Class initialized using 'CodeIgniter\Session\Handlers\FileHandler' driver.
DEBUG - 2025-11-18 14:14:16 --> Session: Class initialized using 'CodeIgniter\Session\Handlers\FileHandler' driver.
DEBUG - 2025-11-18 14:14:31 --> Session: Class initialized using 'CodeIgniter\Session\Handlers\FileHandler' driver.
DEBUG - 2025-11-18 14:14:42 --> Session: Class initialized using 'CodeIgniter\Session\Handlers\FileHandler' driver.
DEBUG - 2025-11-18 14:16:16 --> Session: Class initialized using 'CodeIgniter\Session\Handlers\FileHandler' driver.
DEBUG - 2025-11-18 14:16:20 --> Session: Class initialized using 'CodeIgniter\Session\Handlers\FileHandler' driver.
DEBUG - 2025-11-18 14:16:51 --> Session: Class initialized using 'CodeIgniter\Session\Handlers\FileHandler' driver.
DEBUG - 2025-11-18 14:16:58 --> Session: Class initialized using 'CodeIgniter\Session\Handlers\FileHandler' driver.
DEBUG - 2025-11-18 14:24:01 --> Session: Class initialized using 'CodeIgniter\Session\Handlers\FileHandler' driver.
DEBUG - 2025-11-18 14:24:04 --> Session: Class initialized using 'CodeIgniter\Session\Handlers\FileHandler' driver.
DEBUG - 2025-11-18 14:24:11 --> Session: Class initialized using 'CodeIgniter\Session\Handlers\FileHandler' driver.
DEBUG - 2025-11-18 14:24:30 --> Session: Class initialized using 'CodeIgniter\Session\Handlers\FileHandler' driver.
DEBUG - 2025-11-18 14:32:43 --> Session: Class initialized using 'CodeIgniter\Session\Handlers\FileHandler' driver.
DEBUG - 2025-11-18 14:32:56 --> Session: Class initialized using 'CodeIgniter\Session\Handlers\FileHandler' driver.
DEBUG - 2025-11-18 14:33:01 --> Session: Class initialized using 'CodeIgniter\Session\Handlers\FileHandler' driver.
DEBUG - 2025-11-18 14:33:39 --> Session: Class initialized using 'CodeIgniter\Session\Handlers\FileHandler' driver.
DEBUG - 2025-11-18 14:33:52 --> Session: Class initialized using 'CodeIgniter\Session\Handlers\FileHandler' driver.
DEBUG - 2025-11-18 14:33:55 --> Session: Class initialized using 'CodeIgniter\Session\Handlers\FileHandler' driver.
INFO - 2025-11-18 14:35:18 --> CSRF token verified.
DEBUG - 2025-11-18 14:35:18 --> Session: Class initialized using 'CodeIgniter\Session\Handlers\FileHandler' driver.
DEBUG - 2025-11-18 14:35:18 --> Session: Class initialized using 'CodeIgniter\Session\Handlers\FileHandler' driver.
DEBUG - 2025-11-18 14:35:44 --> Session: Class initialized using 'CodeIgniter\Session\Handlers\FileHandler' driver.
DEBUG - 2025-11-18 14:35:54 --> Session: Class initialized using 'CodeIgniter\Session\Handlers\FileHandler' driver.
INFO - 2025-11-18 14:36:45 --> CSRF token verified.
DEBUG - 2025-11-18 14:36:45 --> Session: Class initialized using 'CodeIgniter\Session\Handlers\FileHandler' driver.
INFO - 2025-11-18 14:36:57 --> CSRF token verified.
DEBUG - 2025-11-18 14:36:58 --> Session: Class initialized using 'CodeIgniter\Session\Handlers\FileHandler' driver.
DEBUG - 2025-11-18 14:37:08 --> Session: Class initialized using 'CodeIgniter\Session\Handlers\FileHandler' driver.
ERROR - 2025-11-18 14:55:50 --> mysqli_sql_exception: Table 'db_warungkita.items' doesn't exist in C:\xampp\htdocs\Projek_web2\system\Database\MySQLi\Connection.php:327
Stack trace:
#0 C:\xampp\htdocs\Projek_web2\system\Database\MySQLi\Connection.php(327): mysqli->query('SELECT `categor...', 0)
#1 C:\xampp\htdocs\Projek_web2\system\Database\BaseConnection.php(729): CodeIgniter\Database\MySQLi\Connection->execute('SELECT `categor...')
#2 C:\xampp\htdocs\Projek_web2\system\Database\BaseConnection.php(646): CodeIgniter\Database\BaseConnection->simpleQuery('SELECT `categor...')
#3 C:\xampp\htdocs\Projek_web2\system\Database\BaseBuilder.php(1649): CodeIgniter\Database\BaseConnection->query('SELECT `categor...', Array, false)
#4 C:\xampp\htdocs\Projek_web2\system\Model.php(286): CodeIgniter\Database\BaseBuilder->get()
#5 C:\xampp\htdocs\Projek_web2\system\BaseModel.php(677): CodeIgniter\Model->doFindAll(0, 0)
#6 C:\xampp\htdocs\Projek_web2\app\Models\CategoryModel.php(75): CodeIgniter\BaseModel->findAll()
#7 C:\xampp\htdocs\Projek_web2\app\Controllers\SuperAdmin\CategoryController.php(20): App\Models\CategoryModel->getCategoriesWithItemCount()
#8 C:\xampp\htdocs\Projek_web2\system\CodeIgniter.php(933): App\Controllers\SuperAdmin\CategoryController->index()
#9 C:\xampp\htdocs\Projek_web2\system\CodeIgniter.php(507): CodeIgniter\CodeIgniter->runController(Object(App\Controllers\SuperAdmin\CategoryController))
#10 C:\xampp\htdocs\Projek_web2\system\CodeIgniter.php(354): CodeIgniter\CodeIgniter->handleRequest(NULL, Object(Config\Cache), false)
#11 C:\xampp\htdocs\Projek_web2\system\Boot.php(363): CodeIgniter\CodeIgniter->run()
#12 C:\xampp\htdocs\Projek_web2\system\Boot.php(68): CodeIgniter\Boot::runCodeIgniter(Object(CodeIgniter\CodeIgniter))
#13 C:\xampp\htdocs\Projek_web2\public\index.php(59): CodeIgniter\Boot::bootWeb(Object(Config\Paths))
#14 C:\xampp\htdocs\Projek_web2\system\rewrite.php(44): require_once('C:\\xampp\\htdocs...')
#15 {main}
CRITICAL - 2025-11-18 14:55:50 --> CodeIgniter\Database\Exceptions\DatabaseException: Table 'db_warungkita.items' doesn't exist
[Method: GET, Route: superadmin/categories]
in SYSTEMPATH\Database\BaseConnection.php on line 684.
 1 SYSTEMPATH\Database\BaseBuilder.php(1649): CodeIgniter\Database\BaseConnection->query('SELECT `categories`.*, COUNT(items.id) as item_count
FROM `categories`
LEFT JOIN `items` ON `items`.`category_id` = `categories`.`id`
GROUP BY `categories`.`id`', [], false)
 2 SYSTEMPATH\Model.php(286): CodeIgniter\Database\BaseBuilder->get()
 3 SYSTEMPATH\BaseModel.php(677): CodeIgniter\Model->doFindAll(0, 0)
 4 APPPATH\Models\CategoryModel.php(75): CodeIgniter\BaseModel->findAll()
 5 APPPATH\Controllers\SuperAdmin\CategoryController.php(20): App\Models\CategoryModel->getCategoriesWithItemCount()
 6 SYSTEMPATH\CodeIgniter.php(933): App\Controllers\SuperAdmin\CategoryController->index()
 7 SYSTEMPATH\CodeIgniter.php(507): CodeIgniter\CodeIgniter->runController(Object(App\Controllers\SuperAdmin\CategoryController))
 8 SYSTEMPATH\CodeIgniter.php(354): CodeIgniter\CodeIgniter->handleRequest(null, Object(Config\Cache), false)
 9 SYSTEMPATH\Boot.php(363): CodeIgniter\CodeIgniter->run()
10 SYSTEMPATH\Boot.php(68): CodeIgniter\Boot::runCodeIgniter(Object(CodeIgniter\CodeIgniter))
11 FCPATH\index.php(59): CodeIgniter\Boot::bootWeb(Object(Config\Paths))
12 SYSTEMPATH\rewrite.php(44): require_once('C:\\xampp\\htdocs\\Projek_web2\\public\\index.php')
CRITICAL - 2025-11-18 14:55:50 --> [Caused by] CodeIgniter\Database\Exceptions\DatabaseException: Table 'db_warungkita.items' doesn't exist
in SYSTEMPATH\Database\MySQLi\Connection.php on line 332.
 1 SYSTEMPATH\Database\BaseConnection.php(729): CodeIgniter\Database\MySQLi\Connection->execute('SELECT `categories`.*, COUNT(items.id) as item_count
FROM `categories`
LEFT JOIN `items` ON `items`.`category_id` = `categories`.`id`
GROUP BY `categories`.`id`')
 2 SYSTEMPATH\Database\BaseConnection.php(646): CodeIgniter\Database\BaseConnection->simpleQuery('SELECT `categories`.*, COUNT(items.id) as item_count
FROM `categories`
LEFT JOIN `items` ON `items`.`category_id` = `categories`.`id`
GROUP BY `categories`.`id`')
 3 SYSTEMPATH\Database\BaseBuilder.php(1649): CodeIgniter\Database\BaseConnection->query('SELECT `categories`.*, COUNT(items.id) as item_count
FROM `categories`
LEFT JOIN `items` ON `items`.`category_id` = `categories`.`id`
GROUP BY `categories`.`id`', [], false)
 4 SYSTEMPATH\Model.php(286): CodeIgniter\Database\BaseBuilder->get()
 5 SYSTEMPATH\BaseModel.php(677): CodeIgniter\Model->doFindAll(0, 0)
 6 APPPATH\Models\CategoryModel.php(75): CodeIgniter\BaseModel->findAll()
 7 APPPATH\Controllers\SuperAdmin\CategoryController.php(20): App\Models\CategoryModel->getCategoriesWithItemCount()
 8 SYSTEMPATH\CodeIgniter.php(933): App\Controllers\SuperAdmin\CategoryController->index()
 9 SYSTEMPATH\CodeIgniter.php(507): CodeIgniter\CodeIgniter->runController(Object(App\Controllers\SuperAdmin\CategoryController))
10 SYSTEMPATH\CodeIgniter.php(354): CodeIgniter\CodeIgniter->handleRequest(null, Object(Config\Cache), false)
11 SYSTEMPATH\Boot.php(363): CodeIgniter\CodeIgniter->run()
12 SYSTEMPATH\Boot.php(68): CodeIgniter\Boot::runCodeIgniter(Object(CodeIgniter\CodeIgniter))
13 FCPATH\index.php(59): CodeIgniter\Boot::bootWeb(Object(Config\Paths))
14 SYSTEMPATH\rewrite.php(44): require_once('C:\\xampp\\htdocs\\Projek_web2\\public\\index.php')
CRITICAL - 2025-11-18 14:55:50 --> [Caused by] mysqli_sql_exception: Table 'db_warungkita.items' doesn't exist
in SYSTEMPATH\Database\MySQLi\Connection.php on line 327.
 1 SYSTEMPATH\Database\MySQLi\Connection.php(327): mysqli->query('SELECT `categories`.*, COUNT(items.id) as item_count
FROM `categories`
LEFT JOIN `items` ON `items`.`category_id` = `categories`.`id`
GROUP BY `categories`.`id`', 0)
 2 SYSTEMPATH\Database\BaseConnection.php(729): CodeIgniter\Database\MySQLi\Connection->execute('SELECT `categories`.*, COUNT(items.id) as item_count
FROM `categories`
LEFT JOIN `items` ON `items`.`category_id` = `categories`.`id`
GROUP BY `categories`.`id`')
 3 SYSTEMPATH\Database\BaseConnection.php(646): CodeIgniter\Database\BaseConnection->simpleQuery('SELECT `categories`.*, COUNT(items.id) as item_count
FROM `categories`
LEFT JOIN `items` ON `items`.`category_id` = `categories`.`id`
GROUP BY `categories`.`id`')
 4 SYSTEMPATH\Database\BaseBuilder.php(1649): CodeIgniter\Database\BaseConnection->query('SELECT `categories`.*, COUNT(items.id) as item_count
FROM `categories`
LEFT JOIN `items` ON `items`.`category_id` = `categories`.`id`
GROUP BY `categories`.`id`', [], false)
 5 SYSTEMPATH\Model.php(286): CodeIgniter\Database\BaseBuilder->get()
 6 SYSTEMPATH\BaseModel.php(677): CodeIgniter\Model->doFindAll(0, 0)
 7 APPPATH\Models\CategoryModel.php(75): CodeIgniter\BaseModel->findAll()
 8 APPPATH\Controllers\SuperAdmin\CategoryController.php(20): App\Models\CategoryModel->getCategoriesWithItemCount()
 9 SYSTEMPATH\CodeIgniter.php(933): App\Controllers\SuperAdmin\CategoryController->index()
10 SYSTEMPATH\CodeIgniter.php(507): CodeIgniter\CodeIgniter->runController(Object(App\Controllers\SuperAdmin\CategoryController))
11 SYSTEMPATH\CodeIgniter.php(354): CodeIgniter\CodeIgniter->handleRequest(null, Object(Config\Cache), false)
12 SYSTEMPATH\Boot.php(363): CodeIgniter\CodeIgniter->run()
13 SYSTEMPATH\Boot.php(68): CodeIgniter\Boot::runCodeIgniter(Object(CodeIgniter\CodeIgniter))
14 FCPATH\index.php(59): CodeIgniter\Boot::bootWeb(Object(Config\Paths))
15 SYSTEMPATH\rewrite.php(44): require_once('C:\\xampp\\htdocs\\Projek_web2\\public\\index.php')
ERROR - 2025-11-18 14:57:06 --> mysqli_sql_exception: Table 'db_warungkita.items' doesn't exist in C:\xampp\htdocs\Projek_web2\system\Database\MySQLi\Connection.php:327
Stack trace:
#0 C:\xampp\htdocs\Projek_web2\system\Database\MySQLi\Connection.php(327): mysqli->query('SELECT `categor...', 0)
#1 C:\xampp\htdocs\Projek_web2\system\Database\BaseConnection.php(729): CodeIgniter\Database\MySQLi\Connection->execute('SELECT `categor...')
#2 C:\xampp\htdocs\Projek_web2\system\Database\BaseConnection.php(646): CodeIgniter\Database\BaseConnection->simpleQuery('SELECT `categor...')
#3 C:\xampp\htdocs\Projek_web2\system\Database\BaseBuilder.php(1649): CodeIgniter\Database\BaseConnection->query('SELECT `categor...', Array, false)
#4 C:\xampp\htdocs\Projek_web2\system\Model.php(286): CodeIgniter\Database\BaseBuilder->get()
#5 C:\xampp\htdocs\Projek_web2\system\BaseModel.php(677): CodeIgniter\Model->doFindAll(0, 0)
#6 C:\xampp\htdocs\Projek_web2\app\Models\CategoryModel.php(75): CodeIgniter\BaseModel->findAll()
#7 C:\xampp\htdocs\Projek_web2\app\Controllers\SuperAdmin\CategoryController.php(20): App\Models\CategoryModel->getCategoriesWithItemCount()
#8 C:\xampp\htdocs\Projek_web2\system\CodeIgniter.php(933): App\Controllers\SuperAdmin\CategoryController->index()
#9 C:\xampp\htdocs\Projek_web2\system\CodeIgniter.php(507): CodeIgniter\CodeIgniter->runController(Object(App\Controllers\SuperAdmin\CategoryController))
#10 C:\xampp\htdocs\Projek_web2\system\CodeIgniter.php(354): CodeIgniter\CodeIgniter->handleRequest(NULL, Object(Config\Cache), false)
#11 C:\xampp\htdocs\Projek_web2\system\Boot.php(363): CodeIgniter\CodeIgniter->run()
#12 C:\xampp\htdocs\Projek_web2\system\Boot.php(68): CodeIgniter\Boot::runCodeIgniter(Object(CodeIgniter\CodeIgniter))
#13 C:\xampp\htdocs\Projek_web2\public\index.php(59): CodeIgniter\Boot::bootWeb(Object(Config\Paths))
#14 C:\xampp\htdocs\Projek_web2\system\rewrite.php(44): require_once('C:\\xampp\\htdocs...')
#15 {main}
CRITICAL - 2025-11-18 14:57:06 --> CodeIgniter\Database\Exceptions\DatabaseException: Table 'db_warungkita.items' doesn't exist
[Method: GET, Route: superadmin/categories]
in SYSTEMPATH\Database\BaseConnection.php on line 684.
 1 SYSTEMPATH\Database\BaseBuilder.php(1649): CodeIgniter\Database\BaseConnection->query('SELECT `categories`.*, COUNT(items.id) as item_count
FROM `categories`
LEFT JOIN `items` ON `items`.`category_id` = `categories`.`id`
GROUP BY `categories`.`id`', [], false)
 2 SYSTEMPATH\Model.php(286): CodeIgniter\Database\BaseBuilder->get()
 3 SYSTEMPATH\BaseModel.php(677): CodeIgniter\Model->doFindAll(0, 0)
 4 APPPATH\Models\CategoryModel.php(75): CodeIgniter\BaseModel->findAll()
 5 APPPATH\Controllers\SuperAdmin\CategoryController.php(20): App\Models\CategoryModel->getCategoriesWithItemCount()
 6 SYSTEMPATH\CodeIgniter.php(933): App\Controllers\SuperAdmin\CategoryController->index()
 7 SYSTEMPATH\CodeIgniter.php(507): CodeIgniter\CodeIgniter->runController(Object(App\Controllers\SuperAdmin\CategoryController))
 8 SYSTEMPATH\CodeIgniter.php(354): CodeIgniter\CodeIgniter->handleRequest(null, Object(Config\Cache), false)
 9 SYSTEMPATH\Boot.php(363): CodeIgniter\CodeIgniter->run()
10 SYSTEMPATH\Boot.php(68): CodeIgniter\Boot::runCodeIgniter(Object(CodeIgniter\CodeIgniter))
11 FCPATH\index.php(59): CodeIgniter\Boot::bootWeb(Object(Config\Paths))
12 SYSTEMPATH\rewrite.php(44): require_once('C:\\xampp\\htdocs\\Projek_web2\\public\\index.php')
CRITICAL - 2025-11-18 14:57:06 --> [Caused by] CodeIgniter\Database\Exceptions\DatabaseException: Table 'db_warungkita.items' doesn't exist
in SYSTEMPATH\Database\MySQLi\Connection.php on line 332.
 1 SYSTEMPATH\Database\BaseConnection.php(729): CodeIgniter\Database\MySQLi\Connection->execute('SELECT `categories`.*, COUNT(items.id) as item_count
FROM `categories`
LEFT JOIN `items` ON `items`.`category_id` = `categories`.`id`
GROUP BY `categories`.`id`')
 2 SYSTEMPATH\Database\BaseConnection.php(646): CodeIgniter\Database\BaseConnection->simpleQuery('SELECT `categories`.*, COUNT(items.id) as item_count
FROM `categories`
LEFT JOIN `items` ON `items`.`category_id` = `categories`.`id`
GROUP BY `categories`.`id`')
 3 SYSTEMPATH\Database\BaseBuilder.php(1649): CodeIgniter\Database\BaseConnection->query('SELECT `categories`.*, COUNT(items.id) as item_count
FROM `categories`
LEFT JOIN `items` ON `items`.`category_id` = `categories`.`id`
GROUP BY `categories`.`id`', [], false)
 4 SYSTEMPATH\Model.php(286): CodeIgniter\Database\BaseBuilder->get()
 5 SYSTEMPATH\BaseModel.php(677): CodeIgniter\Model->doFindAll(0, 0)
 6 APPPATH\Models\CategoryModel.php(75): CodeIgniter\BaseModel->findAll()
 7 APPPATH\Controllers\SuperAdmin\CategoryController.php(20): App\Models\CategoryModel->getCategoriesWithItemCount()
 8 SYSTEMPATH\CodeIgniter.php(933): App\Controllers\SuperAdmin\CategoryController->index()
 9 SYSTEMPATH\CodeIgniter.php(507): CodeIgniter\CodeIgniter->runController(Object(App\Controllers\SuperAdmin\CategoryController))
10 SYSTEMPATH\CodeIgniter.php(354): CodeIgniter\CodeIgniter->handleRequest(null, Object(Config\Cache), false)
11 SYSTEMPATH\Boot.php(363): CodeIgniter\CodeIgniter->run()
12 SYSTEMPATH\Boot.php(68): CodeIgniter\Boot::runCodeIgniter(Object(CodeIgniter\CodeIgniter))
13 FCPATH\index.php(59): CodeIgniter\Boot::bootWeb(Object(Config\Paths))
14 SYSTEMPATH\rewrite.php(44): require_once('C:\\xampp\\htdocs\\Projek_web2\\public\\index.php')
CRITICAL - 2025-11-18 14:57:06 --> [Caused by] mysqli_sql_exception: Table 'db_warungkita.items' doesn't exist
in SYSTEMPATH\Database\MySQLi\Connection.php on line 327.
 1 SYSTEMPATH\Database\MySQLi\Connection.php(327): mysqli->query('SELECT `categories`.*, COUNT(items.id) as item_count
FROM `categories`
LEFT JOIN `items` ON `items`.`category_id` = `categories`.`id`
GROUP BY `categories`.`id`', 0)
 2 SYSTEMPATH\Database\BaseConnection.php(729): CodeIgniter\Database\MySQLi\Connection->execute('SELECT `categories`.*, COUNT(items.id) as item_count
FROM `categories`
LEFT JOIN `items` ON `items`.`category_id` = `categories`.`id`
GROUP BY `categories`.`id`')
 3 SYSTEMPATH\Database\BaseConnection.php(646): CodeIgniter\Database\BaseConnection->simpleQuery('SELECT `categories`.*, COUNT(items.id) as item_count
FROM `categories`
LEFT JOIN `items` ON `items`.`category_id` = `categories`.`id`
GROUP BY `categories`.`id`')
 4 SYSTEMPATH\Database\BaseBuilder.php(1649): CodeIgniter\Database\BaseConnection->query('SELECT `categories`.*, COUNT(items.id) as item_count
FROM `categories`
LEFT JOIN `items` ON `items`.`category_id` = `categories`.`id`
GROUP BY `categories`.`id`', [], false)
 5 SYSTEMPATH\Model.php(286): CodeIgniter\Database\BaseBuilder->get()
 6 SYSTEMPATH\BaseModel.php(677): CodeIgniter\Model->doFindAll(0, 0)
 7 APPPATH\Models\CategoryModel.php(75): CodeIgniter\BaseModel->findAll()
 8 APPPATH\Controllers\SuperAdmin\CategoryController.php(20): App\Models\CategoryModel->getCategoriesWithItemCount()
 9 SYSTEMPATH\CodeIgniter.php(933): App\Controllers\SuperAdmin\CategoryController->index()
10 SYSTEMPATH\CodeIgniter.php(507): CodeIgniter\CodeIgniter->runController(Object(App\Controllers\SuperAdmin\CategoryController))
11 SYSTEMPATH\CodeIgniter.php(354): CodeIgniter\CodeIgniter->handleRequest(null, Object(Config\Cache), false)
12 SYSTEMPATH\Boot.php(363): CodeIgniter\CodeIgniter->run()
13 SYSTEMPATH\Boot.php(68): CodeIgniter\Boot::runCodeIgniter(Object(CodeIgniter\CodeIgniter))
14 FCPATH\index.php(59): CodeIgniter\Boot::bootWeb(Object(Config\Paths))
15 SYSTEMPATH\rewrite.php(44): require_once('C:\\xampp\\htdocs\\Projek_web2\\public\\index.php')
DEBUG - 2025-11-18 14:57:45 --> Session: Class initialized using 'CodeIgniter\Session\Handlers\FileHandler' driver.
DEBUG - 2025-11-18 14:57:47 --> Session: Class initialized using 'CodeIgniter\Session\Handlers\FileHandler' driver.
DEBUG - 2025-11-18 14:57:52 --> Session: Class initialized using 'CodeIgniter\Session\Handlers\FileHandler' driver.
ERROR - 2025-11-18 14:57:57 --> mysqli_sql_exception: Table 'db_warungkita.items' doesn't exist in C:\xampp\htdocs\Projek_web2\system\Database\MySQLi\Connection.php:327
Stack trace:
#0 C:\xampp\htdocs\Projek_web2\system\Database\MySQLi\Connection.php(327): mysqli->query('SELECT `categor...', 0)
#1 C:\xampp\htdocs\Projek_web2\system\Database\BaseConnection.php(729): CodeIgniter\Database\MySQLi\Connection->execute('SELECT `categor...')
#2 C:\xampp\htdocs\Projek_web2\system\Database\BaseConnection.php(646): CodeIgniter\Database\BaseConnection->simpleQuery('SELECT `categor...')
#3 C:\xampp\htdocs\Projek_web2\system\Database\BaseBuilder.php(1649): CodeIgniter\Database\BaseConnection->query('SELECT `categor...', Array, false)
#4 C:\xampp\htdocs\Projek_web2\system\Model.php(286): CodeIgniter\Database\BaseBuilder->get()
#5 C:\xampp\htdocs\Projek_web2\system\BaseModel.php(677): CodeIgniter\Model->doFindAll(0, 0)
#6 C:\xampp\htdocs\Projek_web2\app\Models\CategoryModel.php(75): CodeIgniter\BaseModel->findAll()
#7 C:\xampp\htdocs\Projek_web2\app\Controllers\SuperAdmin\CategoryController.php(20): App\Models\CategoryModel->getCategoriesWithItemCount()
#8 C:\xampp\htdocs\Projek_web2\system\CodeIgniter.php(933): App\Controllers\SuperAdmin\CategoryController->index()
#9 C:\xampp\htdocs\Projek_web2\system\CodeIgniter.php(507): CodeIgniter\CodeIgniter->runController(Object(App\Controllers\SuperAdmin\CategoryController))
#10 C:\xampp\htdocs\Projek_web2\system\CodeIgniter.php(354): CodeIgniter\CodeIgniter->handleRequest(NULL, Object(Config\Cache), false)
#11 C:\xampp\htdocs\Projek_web2\system\Boot.php(363): CodeIgniter\CodeIgniter->run()
#12 C:\xampp\htdocs\Projek_web2\system\Boot.php(68): CodeIgniter\Boot::runCodeIgniter(Object(CodeIgniter\CodeIgniter))
#13 C:\xampp\htdocs\Projek_web2\public\index.php(59): CodeIgniter\Boot::bootWeb(Object(Config\Paths))
#14 C:\xampp\htdocs\Projek_web2\system\rewrite.php(44): require_once('C:\\xampp\\htdocs...')
#15 {main}
CRITICAL - 2025-11-18 14:57:57 --> CodeIgniter\Database\Exceptions\DatabaseException: Table 'db_warungkita.items' doesn't exist
[Method: GET, Route: superadmin/categories]
in SYSTEMPATH\Database\BaseConnection.php on line 684.
 1 SYSTEMPATH\Database\BaseBuilder.php(1649): CodeIgniter\Database\BaseConnection->query('SELECT `categories`.*, COUNT(items.id) as item_count
FROM `categories`
LEFT JOIN `items` ON `items`.`category_id` = `categories`.`id`
GROUP BY `categories`.`id`', [], false)
 2 SYSTEMPATH\Model.php(286): CodeIgniter\Database\BaseBuilder->get()
 3 SYSTEMPATH\BaseModel.php(677): CodeIgniter\Model->doFindAll(0, 0)
 4 APPPATH\Models\CategoryModel.php(75): CodeIgniter\BaseModel->findAll()
 5 APPPATH\Controllers\SuperAdmin\CategoryController.php(20): App\Models\CategoryModel->getCategoriesWithItemCount()
 6 SYSTEMPATH\CodeIgniter.php(933): App\Controllers\SuperAdmin\CategoryController->index()
 7 SYSTEMPATH\CodeIgniter.php(507): CodeIgniter\CodeIgniter->runController(Object(App\Controllers\SuperAdmin\CategoryController))
 8 SYSTEMPATH\CodeIgniter.php(354): CodeIgniter\CodeIgniter->handleRequest(null, Object(Config\Cache), false)
 9 SYSTEMPATH\Boot.php(363): CodeIgniter\CodeIgniter->run()
10 SYSTEMPATH\Boot.php(68): CodeIgniter\Boot::runCodeIgniter(Object(CodeIgniter\CodeIgniter))
11 FCPATH\index.php(59): CodeIgniter\Boot::bootWeb(Object(Config\Paths))
12 SYSTEMPATH\rewrite.php(44): require_once('C:\\xampp\\htdocs\\Projek_web2\\public\\index.php')
CRITICAL - 2025-11-18 14:57:57 --> [Caused by] CodeIgniter\Database\Exceptions\DatabaseException: Table 'db_warungkita.items' doesn't exist
in SYSTEMPATH\Database\MySQLi\Connection.php on line 332.
 1 SYSTEMPATH\Database\BaseConnection.php(729): CodeIgniter\Database\MySQLi\Connection->execute('SELECT `categories`.*, COUNT(items.id) as item_count
FROM `categories`
LEFT JOIN `items` ON `items`.`category_id` = `categories`.`id`
GROUP BY `categories`.`id`')
 2 SYSTEMPATH\Database\BaseConnection.php(646): CodeIgniter\Database\BaseConnection->simpleQuery('SELECT `categories`.*, COUNT(items.id) as item_count
FROM `categories`
LEFT JOIN `items` ON `items`.`category_id` = `categories`.`id`
GROUP BY `categories`.`id`')
 3 SYSTEMPATH\Database\BaseBuilder.php(1649): CodeIgniter\Database\BaseConnection->query('SELECT `categories`.*, COUNT(items.id) as item_count
FROM `categories`
LEFT JOIN `items` ON `items`.`category_id` = `categories`.`id`
GROUP BY `categories`.`id`', [], false)
 4 SYSTEMPATH\Model.php(286): CodeIgniter\Database\BaseBuilder->get()
 5 SYSTEMPATH\BaseModel.php(677): CodeIgniter\Model->doFindAll(0, 0)
 6 APPPATH\Models\CategoryModel.php(75): CodeIgniter\BaseModel->findAll()
 7 APPPATH\Controllers\SuperAdmin\CategoryController.php(20): App\Models\CategoryModel->getCategoriesWithItemCount()
 8 SYSTEMPATH\CodeIgniter.php(933): App\Controllers\SuperAdmin\CategoryController->index()
 9 SYSTEMPATH\CodeIgniter.php(507): CodeIgniter\CodeIgniter->runController(Object(App\Controllers\SuperAdmin\CategoryController))
10 SYSTEMPATH\CodeIgniter.php(354): CodeIgniter\CodeIgniter->handleRequest(null, Object(Config\Cache), false)
11 SYSTEMPATH\Boot.php(363): CodeIgniter\CodeIgniter->run()
12 SYSTEMPATH\Boot.php(68): CodeIgniter\Boot::runCodeIgniter(Object(CodeIgniter\CodeIgniter))
13 FCPATH\index.php(59): CodeIgniter\Boot::bootWeb(Object(Config\Paths))
14 SYSTEMPATH\rewrite.php(44): require_once('C:\\xampp\\htdocs\\Projek_web2\\public\\index.php')
CRITICAL - 2025-11-18 14:57:57 --> [Caused by] mysqli_sql_exception: Table 'db_warungkita.items' doesn't exist
in SYSTEMPATH\Database\MySQLi\Connection.php on line 327.
 1 SYSTEMPATH\Database\MySQLi\Connection.php(327): mysqli->query('SELECT `categories`.*, COUNT(items.id) as item_count
FROM `categories`
LEFT JOIN `items` ON `items`.`category_id` = `categories`.`id`
GROUP BY `categories`.`id`', 0)
 2 SYSTEMPATH\Database\BaseConnection.php(729): CodeIgniter\Database\MySQLi\Connection->execute('SELECT `categories`.*, COUNT(items.id) as item_count
FROM `categories`
LEFT JOIN `items` ON `items`.`category_id` = `categories`.`id`
GROUP BY `categories`.`id`')
 3 SYSTEMPATH\Database\BaseConnection.php(646): CodeIgniter\Database\BaseConnection->simpleQuery('SELECT `categories`.*, COUNT(items.id) as item_count
FROM `categories`
LEFT JOIN `items` ON `items`.`category_id` = `categories`.`id`
GROUP BY `categories`.`id`')
 4 SYSTEMPATH\Database\BaseBuilder.php(1649): CodeIgniter\Database\BaseConnection->query('SELECT `categories`.*, COUNT(items.id) as item_count
FROM `categories`
LEFT JOIN `items` ON `items`.`category_id` = `categories`.`id`
GROUP BY `categories`.`id`', [], false)
 5 SYSTEMPATH\Model.php(286): CodeIgniter\Database\BaseBuilder->get()
 6 SYSTEMPATH\BaseModel.php(677): CodeIgniter\Model->doFindAll(0, 0)
 7 APPPATH\Models\CategoryModel.php(75): CodeIgniter\BaseModel->findAll()
 8 APPPATH\Controllers\SuperAdmin\CategoryController.php(20): App\Models\CategoryModel->getCategoriesWithItemCount()
 9 SYSTEMPATH\CodeIgniter.php(933): App\Controllers\SuperAdmin\CategoryController->index()
10 SYSTEMPATH\CodeIgniter.php(507): CodeIgniter\CodeIgniter->runController(Object(App\Controllers\SuperAdmin\CategoryController))
11 SYSTEMPATH\CodeIgniter.php(354): CodeIgniter\CodeIgniter->handleRequest(null, Object(Config\Cache), false)
12 SYSTEMPATH\Boot.php(363): CodeIgniter\CodeIgniter->run()
13 SYSTEMPATH\Boot.php(68): CodeIgniter\Boot::runCodeIgniter(Object(CodeIgniter\CodeIgniter))
14 FCPATH\index.php(59): CodeIgniter\Boot::bootWeb(Object(Config\Paths))
15 SYSTEMPATH\rewrite.php(44): require_once('C:\\xampp\\htdocs\\Projek_web2\\public\\index.php')
ERROR - 2025-11-18 14:58:50 --> mysqli_sql_exception: Table 'db_warungkita.items' doesn't exist in C:\xampp\htdocs\Projek_web2\system\Database\MySQLi\Connection.php:327
Stack trace:
#0 C:\xampp\htdocs\Projek_web2\system\Database\MySQLi\Connection.php(327): mysqli->query('SELECT `categor...', 0)
#1 C:\xampp\htdocs\Projek_web2\system\Database\BaseConnection.php(729): CodeIgniter\Database\MySQLi\Connection->execute('SELECT `categor...')
#2 C:\xampp\htdocs\Projek_web2\system\Database\BaseConnection.php(646): CodeIgniter\Database\BaseConnection->simpleQuery('SELECT `categor...')
#3 C:\xampp\htdocs\Projek_web2\system\Database\BaseBuilder.php(1649): CodeIgniter\Database\BaseConnection->query('SELECT `categor...', Array, false)
#4 C:\xampp\htdocs\Projek_web2\system\Model.php(286): CodeIgniter\Database\BaseBuilder->get()
#5 C:\xampp\htdocs\Projek_web2\system\BaseModel.php(677): CodeIgniter\Model->doFindAll(0, 0)
#6 C:\xampp\htdocs\Projek_web2\app\Models\CategoryModel.php(75): CodeIgniter\BaseModel->findAll()
#7 C:\xampp\htdocs\Projek_web2\app\Controllers\SuperAdmin\CategoryController.php(20): App\Models\CategoryModel->getCategoriesWithItemCount()
#8 C:\xampp\htdocs\Projek_web2\system\CodeIgniter.php(933): App\Controllers\SuperAdmin\CategoryController->index()
#9 C:\xampp\htdocs\Projek_web2\system\CodeIgniter.php(507): CodeIgniter\CodeIgniter->runController(Object(App\Controllers\SuperAdmin\CategoryController))
#10 C:\xampp\htdocs\Projek_web2\system\CodeIgniter.php(354): CodeIgniter\CodeIgniter->handleRequest(NULL, Object(Config\Cache), false)
#11 C:\xampp\htdocs\Projek_web2\system\Boot.php(363): CodeIgniter\CodeIgniter->run()
#12 C:\xampp\htdocs\Projek_web2\system\Boot.php(68): CodeIgniter\Boot::runCodeIgniter(Object(CodeIgniter\CodeIgniter))
#13 C:\xampp\htdocs\Projek_web2\public\index.php(59): CodeIgniter\Boot::bootWeb(Object(Config\Paths))
#14 C:\xampp\htdocs\Projek_web2\system\rewrite.php(44): require_once('C:\\xampp\\htdocs...')
#15 {main}
CRITICAL - 2025-11-18 14:58:50 --> CodeIgniter\Database\Exceptions\DatabaseException: Table 'db_warungkita.items' doesn't exist
[Method: GET, Route: superadmin/categories]
in SYSTEMPATH\Database\BaseConnection.php on line 684.
 1 SYSTEMPATH\Database\BaseBuilder.php(1649): CodeIgniter\Database\BaseConnection->query('SELECT `categories`.*, COUNT(items.id) as item_count
FROM `categories`
LEFT JOIN `items` ON `items`.`category_id` = `categories`.`id`
GROUP BY `categories`.`id`', [], false)
 2 SYSTEMPATH\Model.php(286): CodeIgniter\Database\BaseBuilder->get()
 3 SYSTEMPATH\BaseModel.php(677): CodeIgniter\Model->doFindAll(0, 0)
 4 APPPATH\Models\CategoryModel.php(75): CodeIgniter\BaseModel->findAll()
 5 APPPATH\Controllers\SuperAdmin\CategoryController.php(20): App\Models\CategoryModel->getCategoriesWithItemCount()
 6 SYSTEMPATH\CodeIgniter.php(933): App\Controllers\SuperAdmin\CategoryController->index()
 7 SYSTEMPATH\CodeIgniter.php(507): CodeIgniter\CodeIgniter->runController(Object(App\Controllers\SuperAdmin\CategoryController))
 8 SYSTEMPATH\CodeIgniter.php(354): CodeIgniter\CodeIgniter->handleRequest(null, Object(Config\Cache), false)
 9 SYSTEMPATH\Boot.php(363): CodeIgniter\CodeIgniter->run()
10 SYSTEMPATH\Boot.php(68): CodeIgniter\Boot::runCodeIgniter(Object(CodeIgniter\CodeIgniter))
11 FCPATH\index.php(59): CodeIgniter\Boot::bootWeb(Object(Config\Paths))
12 SYSTEMPATH\rewrite.php(44): require_once('C:\\xampp\\htdocs\\Projek_web2\\public\\index.php')
CRITICAL - 2025-11-18 14:58:50 --> [Caused by] CodeIgniter\Database\Exceptions\DatabaseException: Table 'db_warungkita.items' doesn't exist
in SYSTEMPATH\Database\MySQLi\Connection.php on line 332.
 1 SYSTEMPATH\Database\BaseConnection.php(729): CodeIgniter\Database\MySQLi\Connection->execute('SELECT `categories`.*, COUNT(items.id) as item_count
FROM `categories`
LEFT JOIN `items` ON `items`.`category_id` = `categories`.`id`
GROUP BY `categories`.`id`')
 2 SYSTEMPATH\Database\BaseConnection.php(646): CodeIgniter\Database\BaseConnection->simpleQuery('SELECT `categories`.*, COUNT(items.id) as item_count
FROM `categories`
LEFT JOIN `items` ON `items`.`category_id` = `categories`.`id`
GROUP BY `categories`.`id`')
 3 SYSTEMPATH\Database\BaseBuilder.php(1649): CodeIgniter\Database\BaseConnection->query('SELECT `categories`.*, COUNT(items.id) as item_count
FROM `categories`
LEFT JOIN `items` ON `items`.`category_id` = `categories`.`id`
GROUP BY `categories`.`id`', [], false)
 4 SYSTEMPATH\Model.php(286): CodeIgniter\Database\BaseBuilder->get()
 5 SYSTEMPATH\BaseModel.php(677): CodeIgniter\Model->doFindAll(0, 0)
 6 APPPATH\Models\CategoryModel.php(75): CodeIgniter\BaseModel->findAll()
 7 APPPATH\Controllers\SuperAdmin\CategoryController.php(20): App\Models\CategoryModel->getCategoriesWithItemCount()
 8 SYSTEMPATH\CodeIgniter.php(933): App\Controllers\SuperAdmin\CategoryController->index()
 9 SYSTEMPATH\CodeIgniter.php(507): CodeIgniter\CodeIgniter->runController(Object(App\Controllers\SuperAdmin\CategoryController))
10 SYSTEMPATH\CodeIgniter.php(354): CodeIgniter\CodeIgniter->handleRequest(null, Object(Config\Cache), false)
11 SYSTEMPATH\Boot.php(363): CodeIgniter\CodeIgniter->run()
12 SYSTEMPATH\Boot.php(68): CodeIgniter\Boot::runCodeIgniter(Object(CodeIgniter\CodeIgniter))
13 FCPATH\index.php(59): CodeIgniter\Boot::bootWeb(Object(Config\Paths))
14 SYSTEMPATH\rewrite.php(44): require_once('C:\\xampp\\htdocs\\Projek_web2\\public\\index.php')
CRITICAL - 2025-11-18 14:58:50 --> [Caused by] mysqli_sql_exception: Table 'db_warungkita.items' doesn't exist
in SYSTEMPATH\Database\MySQLi\Connection.php on line 327.
 1 SYSTEMPATH\Database\MySQLi\Connection.php(327): mysqli->query('SELECT `categories`.*, COUNT(items.id) as item_count
FROM `categories`
LEFT JOIN `items` ON `items`.`category_id` = `categories`.`id`
GROUP BY `categories`.`id`', 0)
 2 SYSTEMPATH\Database\BaseConnection.php(729): CodeIgniter\Database\MySQLi\Connection->execute('SELECT `categories`.*, COUNT(items.id) as item_count
FROM `categories`
LEFT JOIN `items` ON `items`.`category_id` = `categories`.`id`
GROUP BY `categories`.`id`')
 3 SYSTEMPATH\Database\BaseConnection.php(646): CodeIgniter\Database\BaseConnection->simpleQuery('SELECT `categories`.*, COUNT(items.id) as item_count
FROM `categories`
LEFT JOIN `items` ON `items`.`category_id` = `categories`.`id`
GROUP BY `categories`.`id`')
 4 SYSTEMPATH\Database\BaseBuilder.php(1649): CodeIgniter\Database\BaseConnection->query('SELECT `categories`.*, COUNT(items.id) as item_count
FROM `categories`
LEFT JOIN `items` ON `items`.`category_id` = `categories`.`id`
GROUP BY `categories`.`id`', [], false)
 5 SYSTEMPATH\Model.php(286): CodeIgniter\Database\BaseBuilder->get()
 6 SYSTEMPATH\BaseModel.php(677): CodeIgniter\Model->doFindAll(0, 0)
 7 APPPATH\Models\CategoryModel.php(75): CodeIgniter\BaseModel->findAll()
 8 APPPATH\Controllers\SuperAdmin\CategoryController.php(20): App\Models\CategoryModel->getCategoriesWithItemCount()
 9 SYSTEMPATH\CodeIgniter.php(933): App\Controllers\SuperAdmin\CategoryController->index()
10 SYSTEMPATH\CodeIgniter.php(507): CodeIgniter\CodeIgniter->runController(Object(App\Controllers\SuperAdmin\CategoryController))
11 SYSTEMPATH\CodeIgniter.php(354): CodeIgniter\CodeIgniter->handleRequest(null, Object(Config\Cache), false)
12 SYSTEMPATH\Boot.php(363): CodeIgniter\CodeIgniter->run()
13 SYSTEMPATH\Boot.php(68): CodeIgniter\Boot::runCodeIgniter(Object(CodeIgniter\CodeIgniter))
14 FCPATH\index.php(59): CodeIgniter\Boot::bootWeb(Object(Config\Paths))
15 SYSTEMPATH\rewrite.php(44): require_once('C:\\xampp\\htdocs\\Projek_web2\\public\\index.php')
DEBUG - 2025-11-18 14:58:54 --> Session: Class initialized using 'CodeIgniter\Session\Handlers\FileHandler' driver.
DEBUG - 2025-11-18 14:58:55 --> Session: Class initialized using 'CodeIgniter\Session\Handlers\FileHandler' driver.
CRITICAL - 2025-11-18 15:24:23 --> CodeIgniter\Security\Exceptions\SecurityException: The action you requested is not allowed.
[Method: POST, Route: superadmin/categories/delete/1]
in SYSTEMPATH\Security\Security.php on line 262.
 1 SYSTEMPATH\Security\Security.php(262): CodeIgniter\Security\Exceptions\SecurityException::forDisallowedAction()
 2 SYSTEMPATH\Filters\CSRF.php(52): CodeIgniter\Security\Security->verify(Object(CodeIgniter\HTTP\IncomingRequest))
 3 SYSTEMPATH\Filters\Filters.php(241): CodeIgniter\Filters\CSRF->before(Object(CodeIgniter\HTTP\IncomingRequest), null)
 4 SYSTEMPATH\Filters\Filters.php(221): CodeIgniter\Filters\Filters->runBefore([...])
 5 SYSTEMPATH\CodeIgniter.php(479): CodeIgniter\Filters\Filters->run('superadmin/categories/delete/1', 'before')
 6 SYSTEMPATH\CodeIgniter.php(354): CodeIgniter\CodeIgniter->handleRequest(null, Object(Config\Cache), false)
 7 SYSTEMPATH\Boot.php(363): CodeIgniter\CodeIgniter->run()
 8 SYSTEMPATH\Boot.php(68): CodeIgniter\Boot::runCodeIgniter(Object(CodeIgniter\CodeIgniter))
 9 FCPATH\index.php(59): CodeIgniter\Boot::bootWeb(Object(Config\Paths))
10 SYSTEMPATH\rewrite.php(44): require_once('C:\\xampp\\htdocs\\Projek_web2\\public\\index.php')
ERROR - 2025-11-18 15:39:29 --> mysqli_sql_exception: Duplicate entry 'ELEK' for key 'code' in C:\xampp\htdocs\Projek_web2\system\Database\MySQLi\Connection.php:327
Stack trace:
#0 C:\xampp\htdocs\Projek_web2\system\Database\MySQLi\Connection.php(327): mysqli->query('INSERT INTO `ca...', 0)
#1 C:\xampp\htdocs\Projek_web2\system\Database\BaseConnection.php(729): CodeIgniter\Database\MySQLi\Connection->execute('INSERT INTO `ca...')
#2 C:\xampp\htdocs\Projek_web2\system\Database\BaseConnection.php(646): CodeIgniter\Database\BaseConnection->simpleQuery('INSERT INTO `ca...')
#3 C:\xampp\htdocs\Projek_web2\system\Database\BaseBuilder.php(1841): CodeIgniter\Database\BaseConnection->query('INSERT INTO `ca...', NULL, false)
#4 C:\xampp\htdocs\Projek_web2\system\Database\BaseBuilder.php(2230): CodeIgniter\Database\BaseBuilder->batchExecute('_insertBatch', 100)
#5 C:\xampp\htdocs\Projek_web2\app\Database\Seeds\CategorySeeder.php(49): CodeIgniter\Database\BaseBuilder->insertBatch(Array)
#6 C:\xampp\htdocs\Projek_web2\system\Database\Seeder.php(149): App\Database\Seeds\CategorySeeder->run()
#7 C:\xampp\htdocs\Projek_web2\system\Commands\Database\Seed.php(79): CodeIgniter\Database\Seeder->call('App\\Database\\Se...')
#8 C:\xampp\htdocs\Projek_web2\system\CLI\Commands.php(74): CodeIgniter\Commands\Database\Seed->run(Array)
#9 C:\xampp\htdocs\Projek_web2\system\CLI\Console.php(47): CodeIgniter\CLI\Commands->run('db:seed', Array)
#10 C:\xampp\htdocs\Projek_web2\system\Boot.php(388): CodeIgniter\CLI\Console->run()
#11 C:\xampp\htdocs\Projek_web2\system\Boot.php(133): CodeIgniter\Boot::runCommand(Object(CodeIgniter\CLI\Console))
#12 C:\xampp\htdocs\Projek_web2\spark(87): CodeIgniter\Boot::bootSpark(Object(Config\Paths))
#13 {main}
DEBUG - 2025-11-18 23:00:14 --> Session: Class initialized using 'CodeIgniter\Session\Handlers\FileHandler' driver.
INFO - 2025-11-18 23:00:42 --> CSRF token verified.
DEBUG - 2025-11-18 23:00:42 --> Session: Class initialized using 'CodeIgniter\Session\Handlers\FileHandler' driver.
DEBUG - 2025-11-18 23:00:44 --> Session: Class initialized using 'CodeIgniter\Session\Handlers\FileHandler' driver.
INFO - 2025-11-18 23:01:01 --> CSRF token verified.
DEBUG - 2025-11-18 23:01:01 --> Session: Class initialized using 'CodeIgniter\Session\Handlers\FileHandler' driver.
DEBUG - 2025-11-18 23:01:02 --> Session: Class initialized using 'CodeIgniter\Session\Handlers\FileHandler' driver.
DEBUG - 2025-11-18 23:01:49 --> Session: Class initialized using 'CodeIgniter\Session\Handlers\FileHandler' driver.
INFO - 2025-11-18 23:02:39 --> CSRF token verified.
DEBUG - 2025-11-18 23:02:39 --> Session: Class initialized using 'CodeIgniter\Session\Handlers\FileHandler' driver.
DEBUG - 2025-11-18 23:02:40 --> Session: Class initialized using 'CodeIgniter\Session\Handlers\FileHandler' driver.
INFO - 2025-11-18 23:03:13 --> CSRF token verified.
DEBUG - 2025-11-18 23:03:13 --> Session: Class initialized using 'CodeIgniter\Session\Handlers\FileHandler' driver.
DEBUG - 2025-11-18 23:03:15 --> Session: Class initialized using 'CodeIgniter\Session\Handlers\FileHandler' driver.
INFO - 2025-11-18 23:03:27 --> CSRF token verified.
DEBUG - 2025-11-18 23:03:27 --> Session: Class initialized using 'CodeIgniter\Session\Handlers\FileHandler' driver.
INFO - 2025-11-18 23:03:46 --> CSRF token verified.
DEBUG - 2025-11-18 23:03:46 --> Session: Class initialized using 'CodeIgniter\Session\Handlers\FileHandler' driver.
INFO - 2025-11-18 23:03:53 --> CSRF token verified.
DEBUG - 2025-11-18 23:03:53 --> Session: Class initialized using 'CodeIgniter\Session\Handlers\FileHandler' driver.
DEBUG - 2025-11-18 23:04:07 --> Session: Class initialized using 'CodeIgniter\Session\Handlers\FileHandler' driver.
DEBUG - 2025-11-18 23:04:10 --> Session: Class initialized using 'CodeIgniter\Session\Handlers\FileHandler' driver.
DEBUG - 2025-11-18 23:04:37 --> Session: Class initialized using 'CodeIgniter\Session\Handlers\FileHandler' driver.
CRITICAL - 2025-11-18 23:05:43 --> CodeIgniter\Security\Exceptions\SecurityException: The action you requested is not allowed.
[Method: POST, Route: superadmin/categories/delete/1]
in SYSTEMPATH\Security\Security.php on line 262.
 1 SYSTEMPATH\Security\Security.php(262): CodeIgniter\Security\Exceptions\SecurityException::forDisallowedAction()
 2 SYSTEMPATH\Filters\CSRF.php(52): CodeIgniter\Security\Security->verify(Object(CodeIgniter\HTTP\IncomingRequest))
 3 SYSTEMPATH\Filters\Filters.php(241): CodeIgniter\Filters\CSRF->before(Object(CodeIgniter\HTTP\IncomingRequest), null)
 4 SYSTEMPATH\Filters\Filters.php(221): CodeIgniter\Filters\Filters->runBefore([...])
 5 SYSTEMPATH\CodeIgniter.php(479): CodeIgniter\Filters\Filters->run('superadmin/categories/delete/1', 'before')
 6 SYSTEMPATH\CodeIgniter.php(354): CodeIgniter\CodeIgniter->handleRequest(null, Object(Config\Cache), false)
 7 SYSTEMPATH\Boot.php(363): CodeIgniter\CodeIgniter->run()
 8 SYSTEMPATH\Boot.php(68): CodeIgniter\Boot::runCodeIgniter(Object(CodeIgniter\CodeIgniter))
 9 FCPATH\index.php(59): CodeIgniter\Boot::bootWeb(Object(Config\Paths))
10 SYSTEMPATH\rewrite.php(44): require_once('C:\\xampp\\htdocs\\Projek_web2\\public\\index.php')
DEBUG - 2025-11-18 23:08:27 --> Session: Class initialized using 'CodeIgniter\Session\Handlers\FileHandler' driver.
CRITICAL - 2025-11-18 23:08:45 --> CodeIgniter\View\Exceptions\ViewException: Invalid file: "superAdmin/categories/edit.php"
[Method: GET, Route: superadmin/categories/edit/1]
in SYSTEMPATH\Exceptions\FrameworkException.php on line 39.
 1 SYSTEMPATH\View\View.php(214): CodeIgniter\Exceptions\FrameworkException::forInvalidFile('superAdmin/categories/edit.php')
 2 SYSTEMPATH\Common.php(1167): CodeIgniter\View\View->render('superAdmin/categories/edit', [], true)
 3 APPPATH\Controllers\SuperAdmin\CategoryController.php(69): view('superAdmin/categories/edit', [...])
 4 SYSTEMPATH\CodeIgniter.php(933): App\Controllers\SuperAdmin\CategoryController->edit('1')
 5 SYSTEMPATH\CodeIgniter.php(507): CodeIgniter\CodeIgniter->runController(Object(App\Controllers\SuperAdmin\CategoryController))
 6 SYSTEMPATH\CodeIgniter.php(354): CodeIgniter\CodeIgniter->handleRequest(null, Object(Config\Cache), false)
 7 SYSTEMPATH\Boot.php(363): CodeIgniter\CodeIgniter->run()
 8 SYSTEMPATH\Boot.php(68): CodeIgniter\Boot::runCodeIgniter(Object(CodeIgniter\CodeIgniter))
 9 FCPATH\index.php(59): CodeIgniter\Boot::bootWeb(Object(Config\Paths))
10 SYSTEMPATH\rewrite.php(44): require_once('C:\\xampp\\htdocs\\Projek_web2\\public\\index.php')
DEBUG - 2025-11-18 23:08:50 --> Session: Class initialized using 'CodeIgniter\Session\Handlers\FileHandler' driver.
INFO - 2025-11-18 23:09:09 --> CSRF token verified.
ERROR - 2025-11-18 23:09:09 --> mysqli_sql_exception: Unknown column 'description' in 'field list' in C:\xampp\htdocs\Projek_web2\system\Database\MySQLi\Connection.php:327
Stack trace:
#0 C:\xampp\htdocs\Projek_web2\system\Database\MySQLi\Connection.php(327): mysqli->query('INSERT INTO `ca...', 0)
#1 C:\xampp\htdocs\Projek_web2\system\Database\BaseConnection.php(729): CodeIgniter\Database\MySQLi\Connection->execute('INSERT INTO `ca...')
#2 C:\xampp\htdocs\Projek_web2\system\Database\BaseConnection.php(646): CodeIgniter\Database\BaseConnection->simpleQuery('INSERT INTO `ca...')
#3 C:\xampp\htdocs\Projek_web2\system\Database\BaseBuilder.php(2345): CodeIgniter\Database\BaseConnection->query('INSERT INTO `ca...', Array, false)
#4 C:\xampp\htdocs\Projek_web2\system\Model.php(394): CodeIgniter\Database\BaseBuilder->insert()
#5 C:\xampp\htdocs\Projek_web2\system\BaseModel.php(838): CodeIgniter\Model->doInsert(Array)
#6 C:\xampp\htdocs\Projek_web2\system\Model.php(797): CodeIgniter\BaseModel->insert(Array, false)
#7 C:\xampp\htdocs\Projek_web2\system\BaseModel.php(751): CodeIgniter\Model->insert(Array, false)
#8 C:\xampp\htdocs\Projek_web2\app\Controllers\SuperAdmin\CategoryController.php(55): CodeIgniter\BaseModel->save(Array)
#9 C:\xampp\htdocs\Projek_web2\system\CodeIgniter.php(933): App\Controllers\SuperAdmin\CategoryController->store()
#10 C:\xampp\htdocs\Projek_web2\system\CodeIgniter.php(507): CodeIgniter\CodeIgniter->runController(Object(App\Controllers\SuperAdmin\CategoryController))
#11 C:\xampp\htdocs\Projek_web2\system\CodeIgniter.php(354): CodeIgniter\CodeIgniter->handleRequest(NULL, Object(Config\Cache), false)
#12 C:\xampp\htdocs\Projek_web2\system\Boot.php(363): CodeIgniter\CodeIgniter->run()
#13 C:\xampp\htdocs\Projek_web2\system\Boot.php(68): CodeIgniter\Boot::runCodeIgniter(Object(CodeIgniter\CodeIgniter))
#14 C:\xampp\htdocs\Projek_web2\public\index.php(59): CodeIgniter\Boot::bootWeb(Object(Config\Paths))
#15 C:\xampp\htdocs\Projek_web2\system\rewrite.php(44): require_once('C:\\xampp\\htdocs...')
#16 {main}
CRITICAL - 2025-11-18 23:09:09 --> CodeIgniter\Database\Exceptions\DatabaseException: Unknown column 'description' in 'field list'
[Method: POST, Route: superadmin/categories/store]
in SYSTEMPATH\Database\BaseConnection.php on line 684.
 1 SYSTEMPATH\Database\BaseBuilder.php(2345): CodeIgniter\Database\BaseConnection->query('INSERT INTO `categories` (`name`, `code`, `description`, `status`, `created_at`, `updated_at`) VALUES (:name:, :code:, :description:, :status:, :created_at:, :updated_at:)', [...], false)
 2 SYSTEMPATH\Model.php(394): CodeIgniter\Database\BaseBuilder->insert()
 3 SYSTEMPATH\BaseModel.php(838): CodeIgniter\Model->doInsert([...])
 4 SYSTEMPATH\Model.php(797): CodeIgniter\BaseModel->insert([...], false)
 5 SYSTEMPATH\BaseModel.php(751): CodeIgniter\Model->insert([...], false)
 6 APPPATH\Controllers\SuperAdmin\CategoryController.php(55): CodeIgniter\BaseModel->save([...])
 7 SYSTEMPATH\CodeIgniter.php(933): App\Controllers\SuperAdmin\CategoryController->store()
 8 SYSTEMPATH\CodeIgniter.php(507): CodeIgniter\CodeIgniter->runController(Object(App\Controllers\SuperAdmin\CategoryController))
 9 SYSTEMPATH\CodeIgniter.php(354): CodeIgniter\CodeIgniter->handleRequest(null, Object(Config\Cache), false)
10 SYSTEMPATH\Boot.php(363): CodeIgniter\CodeIgniter->run()
11 SYSTEMPATH\Boot.php(68): CodeIgniter\Boot::runCodeIgniter(Object(CodeIgniter\CodeIgniter))
12 FCPATH\index.php(59): CodeIgniter\Boot::bootWeb(Object(Config\Paths))
13 SYSTEMPATH\rewrite.php(44): require_once('C:\\xampp\\htdocs\\Projek_web2\\public\\index.php')
CRITICAL - 2025-11-18 23:09:09 --> [Caused by] CodeIgniter\Database\Exceptions\DatabaseException: Unknown column 'description' in 'field list'
in SYSTEMPATH\Database\MySQLi\Connection.php on line 332.
 1 SYSTEMPATH\Database\BaseConnection.php(729): CodeIgniter\Database\MySQLi\Connection->execute('INSERT INTO `categories` (`name`, `code`, `description`, `status`, `created_at`, `updated_at`) VALUES (\'Pasta\', \'PAST\', \'Ini adalah pasta dari italia\', \'aktif\', \'2025-11-18 23:09:09\', \'2025-11-18 23:09:09\')')
 2 SYSTEMPATH\Database\BaseConnection.php(646): CodeIgniter\Database\BaseConnection->simpleQuery('INSERT INTO `categories` (`name`, `code`, `description`, `status`, `created_at`, `updated_at`) VALUES (\'Pasta\', \'PAST\', \'Ini adalah pasta dari italia\', \'aktif\', \'2025-11-18 23:09:09\', \'2025-11-18 23:09:09\')')
 3 SYSTEMPATH\Database\BaseBuilder.php(2345): CodeIgniter\Database\BaseConnection->query('INSERT INTO `categories` (`name`, `code`, `description`, `status`, `created_at`, `updated_at`) VALUES (:name:, :code:, :description:, :status:, :created_at:, :updated_at:)', [...], false)
 4 SYSTEMPATH\Model.php(394): CodeIgniter\Database\BaseBuilder->insert()
 5 SYSTEMPATH\BaseModel.php(838): CodeIgniter\Model->doInsert([...])
 6 SYSTEMPATH\Model.php(797): CodeIgniter\BaseModel->insert([...], false)
 7 SYSTEMPATH\BaseModel.php(751): CodeIgniter\Model->insert([...], false)
 8 APPPATH\Controllers\SuperAdmin\CategoryController.php(55): CodeIgniter\BaseModel->save([...])
 9 SYSTEMPATH\CodeIgniter.php(933): App\Controllers\SuperAdmin\CategoryController->store()
10 SYSTEMPATH\CodeIgniter.php(507): CodeIgniter\CodeIgniter->runController(Object(App\Controllers\SuperAdmin\CategoryController))
11 SYSTEMPATH\CodeIgniter.php(354): CodeIgniter\CodeIgniter->handleRequest(null, Object(Config\Cache), false)
12 SYSTEMPATH\Boot.php(363): CodeIgniter\CodeIgniter->run()
13 SYSTEMPATH\Boot.php(68): CodeIgniter\Boot::runCodeIgniter(Object(CodeIgniter\CodeIgniter))
14 FCPATH\index.php(59): CodeIgniter\Boot::bootWeb(Object(Config\Paths))
15 SYSTEMPATH\rewrite.php(44): require_once('C:\\xampp\\htdocs\\Projek_web2\\public\\index.php')
CRITICAL - 2025-11-18 23:09:09 --> [Caused by] mysqli_sql_exception: Unknown column 'description' in 'field list'
in SYSTEMPATH\Database\MySQLi\Connection.php on line 327.
 1 SYSTEMPATH\Database\MySQLi\Connection.php(327): mysqli->query('INSERT INTO `categories` (`name`, `code`, `description`, `status`, `created_at`, `updated_at`) VALUES (\'Pasta\', \'PAST\', \'Ini adalah pasta dari italia\', \'aktif\', \'2025-11-18 23:09:09\', \'2025-11-18 23:09:09\')', 0)
 2 SYSTEMPATH\Database\BaseConnection.php(729): CodeIgniter\Database\MySQLi\Connection->execute('INSERT INTO `categories` (`name`, `code`, `description`, `status`, `created_at`, `updated_at`) VALUES (\'Pasta\', \'PAST\', \'Ini adalah pasta dari italia\', \'aktif\', \'2025-11-18 23:09:09\', \'2025-11-18 23:09:09\')')
 3 SYSTEMPATH\Database\BaseConnection.php(646): CodeIgniter\Database\BaseConnection->simpleQuery('INSERT INTO `categories` (`name`, `code`, `description`, `status`, `created_at`, `updated_at`) VALUES (\'Pasta\', \'PAST\', \'Ini adalah pasta dari italia\', \'aktif\', \'2025-11-18 23:09:09\', \'2025-11-18 23:09:09\')')
 4 SYSTEMPATH\Database\BaseBuilder.php(2345): CodeIgniter\Database\BaseConnection->query('INSERT INTO `categories` (`name`, `code`, `description`, `status`, `created_at`, `updated_at`) VALUES (:name:, :code:, :description:, :status:, :created_at:, :updated_at:)', [...], false)
 5 SYSTEMPATH\Model.php(394): CodeIgniter\Database\BaseBuilder->insert()
 6 SYSTEMPATH\BaseModel.php(838): CodeIgniter\Model->doInsert([...])
 7 SYSTEMPATH\Model.php(797): CodeIgniter\BaseModel->insert([...], false)
 8 SYSTEMPATH\BaseModel.php(751): CodeIgniter\Model->insert([...], false)
 9 APPPATH\Controllers\SuperAdmin\CategoryController.php(55): CodeIgniter\BaseModel->save([...])
10 SYSTEMPATH\CodeIgniter.php(933): App\Controllers\SuperAdmin\CategoryController->store()
11 SYSTEMPATH\CodeIgniter.php(507): CodeIgniter\CodeIgniter->runController(Object(App\Controllers\SuperAdmin\CategoryController))
12 SYSTEMPATH\CodeIgniter.php(354): CodeIgniter\CodeIgniter->handleRequest(null, Object(Config\Cache), false)
13 SYSTEMPATH\Boot.php(363): CodeIgniter\CodeIgniter->run()
14 SYSTEMPATH\Boot.php(68): CodeIgniter\Boot::runCodeIgniter(Object(CodeIgniter\CodeIgniter))
15 FCPATH\index.php(59): CodeIgniter\Boot::bootWeb(Object(Config\Paths))
16 SYSTEMPATH\rewrite.php(44): require_once('C:\\xampp\\htdocs\\Projek_web2\\public\\index.php')
DEBUG - 2025-11-18 23:09:13 --> Session: Class initialized using 'CodeIgniter\Session\Handlers\FileHandler' driver.
