DEBUG - 2025-11-23 08:22:59 --> Session: Class initialized using 'CodeIgniter\Session\Handlers\FileHandler' driver.
INFO - 2025-11-23 08:23:19 --> CSRF token verified.
DEBUG - 2025-11-23 08:23:19 --> Session: Class initialized using 'CodeIgniter\Session\Handlers\FileHandler' driver.
DEBUG - 2025-11-23 08:23:38 --> Session: Class initialized using 'CodeIgniter\Session\Handlers\FileHandler' driver.
INFO - 2025-11-23 08:24:02 --> CSRF token verified.
DEBUG - 2025-11-23 08:24:02 --> Session: Class initialized using 'CodeIgniter\Session\Handlers\FileHandler' driver.
DEBUG - 2025-11-23 08:24:54 --> Session: Class initialized using 'CodeIgniter\Session\Handlers\FileHandler' driver.
DEBUG - 2025-11-23 08:26:49 --> Session: Class initialized using 'CodeIgniter\Session\Handlers\FileHandler' driver.
DEBUG - 2025-11-23 08:27:27 --> Session: Class initialized using 'CodeIgniter\Session\Handlers\FileHandler' driver.
DEBUG - 2025-11-23 08:27:34 --> Session: Class initialized using 'CodeIgniter\Session\Handlers\FileHandler' driver.
DEBUG - 2025-11-23 08:27:55 --> Session: Class initialized using 'CodeIgniter\Session\Handlers\FileHandler' driver.
DEBUG - 2025-11-23 08:28:52 --> Session: Class initialized using 'CodeIgniter\Session\Handlers\FileHandler' driver.
DEBUG - 2025-11-23 08:29:21 --> Session: Class initialized using 'CodeIgniter\Session\Handlers\FileHandler' driver.
DEBUG - 2025-11-23 08:29:40 --> Session: Class initialized using 'CodeIgniter\Session\Handlers\FileHandler' driver.
DEBUG - 2025-11-23 08:29:52 --> Session: Class initialized using 'CodeIgniter\Session\Handlers\FileHandler' driver.
DEBUG - 2025-11-23 08:30:11 --> Session: Class initialized using 'CodeIgniter\Session\Handlers\FileHandler' driver.
DEBUG - 2025-11-23 08:30:35 --> Session: Class initialized using 'CodeIgniter\Session\Handlers\FileHandler' driver.
DEBUG - 2025-11-23 08:30:47 --> Session: Class initialized using 'CodeIgniter\Session\Handlers\FileHandler' driver.
DEBUG - 2025-11-23 08:30:55 --> Session: Class initialized using 'CodeIgniter\Session\Handlers\FileHandler' driver.
INFO - 2025-11-23 08:31:01 --> CSRF token verified.
DEBUG - 2025-11-23 08:31:01 --> Session: Class initialized using 'CodeIgniter\Session\Handlers\FileHandler' driver.
DEBUG - 2025-11-23 08:31:01 --> Session: Class initialized using 'CodeIgniter\Session\Handlers\FileHandler' driver.
DEBUG - 2025-11-23 08:31:30 --> Session: Class initialized using 'CodeIgniter\Session\Handlers\FileHandler' driver.
DEBUG - 2025-11-23 08:31:35 --> Session: Class initialized using 'CodeIgniter\Session\Handlers\FileHandler' driver.
INFO - 2025-11-23 08:31:40 --> CSRF token verified.
DEBUG - 2025-11-23 08:31:40 --> Session: Class initialized using 'CodeIgniter\Session\Handlers\FileHandler' driver.
DEBUG - 2025-11-23 08:31:41 --> Session: Class initialized using 'CodeIgniter\Session\Handlers\FileHandler' driver.
DEBUG - 2025-11-23 08:35:56 --> Session: Class initialized using 'CodeIgniter\Session\Handlers\FileHandler' driver.
DEBUG - 2025-11-23 08:36:01 --> Session: Class initialized using 'CodeIgniter\Session\Handlers\FileHandler' driver.
INFO - 2025-11-23 08:36:07 --> CSRF token verified.
DEBUG - 2025-11-23 08:36:07 --> Session: Class initialized using 'CodeIgniter\Session\Handlers\FileHandler' driver.
DEBUG - 2025-11-23 08:36:07 --> Session: Class initialized using 'CodeIgniter\Session\Handlers\FileHandler' driver.
DEBUG - 2025-11-23 09:20:15 --> Session: Class initialized using 'CodeIgniter\Session\Handlers\FileHandler' driver.
DEBUG - 2025-11-23 09:20:24 --> Session: Class initialized using 'CodeIgniter\Session\Handlers\FileHandler' driver.
DEBUG - 2025-11-23 09:20:31 --> Session: Class initialized using 'CodeIgniter\Session\Handlers\FileHandler' driver.
DEBUG - 2025-11-23 09:20:36 --> Session: Class initialized using 'CodeIgniter\Session\Handlers\FileHandler' driver.
INFO - 2025-11-23 09:20:41 --> CSRF token verified.
DEBUG - 2025-11-23 09:20:41 --> Session: Class initialized using 'CodeIgniter\Session\Handlers\FileHandler' driver.
DEBUG - 2025-11-23 09:20:42 --> Session: Class initialized using 'CodeIgniter\Session\Handlers\FileHandler' driver.
DEBUG - 2025-11-23 09:20:47 --> Session: Class initialized using 'CodeIgniter\Session\Handlers\FileHandler' driver.
INFO - 2025-11-23 09:20:55 --> CSRF token verified.
DEBUG - 2025-11-23 09:20:55 --> Session: Class initialized using 'CodeIgniter\Session\Handlers\FileHandler' driver.
DEBUG - 2025-11-23 09:20:56 --> Session: Class initialized using 'CodeIgniter\Session\Handlers\FileHandler' driver.
DEBUG - 2025-11-23 09:21:03 --> Session: Class initialized using 'CodeIgniter\Session\Handlers\FileHandler' driver.
DEBUG - 2025-11-23 09:21:39 --> Session: Class initialized using 'CodeIgniter\Session\Handlers\FileHandler' driver.
INFO - 2025-11-23 09:22:18 --> CSRF token verified.
DEBUG - 2025-11-23 09:22:18 --> Session: Class initialized using 'CodeIgniter\Session\Handlers\FileHandler' driver.
DEBUG - 2025-11-23 09:22:22 --> Session: Class initialized using 'CodeIgniter\Session\Handlers\FileHandler' driver.
INFO - 2025-11-23 09:22:36 --> CSRF token verified.
DEBUG - 2025-11-23 09:22:36 --> Session: Class initialized using 'CodeIgniter\Session\Handlers\FileHandler' driver.
DEBUG - 2025-11-23 09:22:37 --> Session: Class initialized using 'CodeIgniter\Session\Handlers\FileHandler' driver.
DEBUG - 2025-11-23 09:25:00 --> Session: Class initialized using 'CodeIgniter\Session\Handlers\FileHandler' driver.
DEBUG - 2025-11-23 09:25:05 --> Session: Class initialized using 'CodeIgniter\Session\Handlers\FileHandler' driver.
INFO - 2025-11-23 09:25:13 --> CSRF token verified.
DEBUG - 2025-11-23 09:25:13 --> Session: Class initialized using 'CodeIgniter\Session\Handlers\FileHandler' driver.
DEBUG - 2025-11-23 09:25:14 --> Session: Class initialized using 'CodeIgniter\Session\Handlers\FileHandler' driver.
DEBUG - 2025-11-23 09:25:47 --> Session: Class initialized using 'CodeIgniter\Session\Handlers\FileHandler' driver.
DEBUG - 2025-11-23 09:25:53 --> Session: Class initialized using 'CodeIgniter\Session\Handlers\FileHandler' driver.
INFO - 2025-11-23 09:25:58 --> CSRF token verified.
DEBUG - 2025-11-23 09:25:58 --> Session: Class initialized using 'CodeIgniter\Session\Handlers\FileHandler' driver.
DEBUG - 2025-11-23 09:25:58 --> Session: Class initialized using 'CodeIgniter\Session\Handlers\FileHandler' driver.
DEBUG - 2025-11-23 09:26:22 --> Session: Class initialized using 'CodeIgniter\Session\Handlers\FileHandler' driver.
DEBUG - 2025-11-23 09:26:28 --> Session: Class initialized using 'CodeIgniter\Session\Handlers\FileHandler' driver.
INFO - 2025-11-23 09:26:32 --> CSRF token verified.
DEBUG - 2025-11-23 09:26:32 --> Session: Class initialized using 'CodeIgniter\Session\Handlers\FileHandler' driver.
DEBUG - 2025-11-23 09:26:33 --> Session: Class initialized using 'CodeIgniter\Session\Handlers\FileHandler' driver.
DEBUG - 2025-11-23 09:26:36 --> Session: Class initialized using 'CodeIgniter\Session\Handlers\FileHandler' driver.
INFO - 2025-11-23 09:26:42 --> CSRF token verified.
DEBUG - 2025-11-23 09:26:42 --> Session: Class initialized using 'CodeIgniter\Session\Handlers\FileHandler' driver.
DEBUG - 2025-11-23 09:26:43 --> Session: Class initialized using 'CodeIgniter\Session\Handlers\FileHandler' driver.
DEBUG - 2025-11-23 09:27:03 --> Session: Class initialized using 'CodeIgniter\Session\Handlers\FileHandler' driver.
DEBUG - 2025-11-23 09:28:05 --> Session: Class initialized using 'CodeIgniter\Session\Handlers\FileHandler' driver.
DEBUG - 2025-11-23 09:29:29 --> Session: Class initialized using 'CodeIgniter\Session\Handlers\FileHandler' driver.
INFO - 2025-11-23 09:29:43 --> CSRF token verified.
ERROR - 2025-11-23 09:29:43 --> mysqli_sql_exception: Unknown column 'description' in 'field list' in C:\xampp\htdocs\Projek_web2\system\Database\MySQLi\Connection.php:327
Stack trace:
#0 C:\xampp\htdocs\Projek_web2\system\Database\MySQLi\Connection.php(327): mysqli->query('INSERT INTO `ca...', 0)
#1 C:\xampp\htdocs\Projek_web2\system\Database\BaseConnection.php(729): CodeIgniter\Database\MySQLi\Connection->execute('INSERT INTO `ca...')
#2 C:\xampp\htdocs\Projek_web2\system\Database\BaseConnection.php(646): CodeIgniter\Database\BaseConnection->simpleQuery('INSERT INTO `ca...')
#3 C:\xampp\htdocs\Projek_web2\system\Database\BaseBuilder.php(2345): CodeIgniter\Database\BaseConnection->query('INSERT INTO `ca...', Array, false)
#4 C:\xampp\htdocs\Projek_web2\system\Model.php(394): CodeIgniter\Database\BaseBuilder->insert()
#5 C:\xampp\htdocs\Projek_web2\system\BaseModel.php(838): CodeIgniter\Model->doInsert(Array)
#6 C:\xampp\htdocs\Projek_web2\system\Model.php(797): CodeIgniter\BaseModel->insert(Array, false)
#7 C:\xampp\htdocs\Projek_web2\system\BaseModel.php(751): CodeIgniter\Model->insert(Array, false)
#8 C:\xampp\htdocs\Projek_web2\app\Controllers\SuperAdmin\CategoryController.php(55): CodeIgniter\BaseModel->save(Array)
#9 C:\xampp\htdocs\Projek_web2\system\CodeIgniter.php(933): App\Controllers\SuperAdmin\CategoryController->store()
#10 C:\xampp\htdocs\Projek_web2\system\CodeIgniter.php(507): CodeIgniter\CodeIgniter->runController(Object(App\Controllers\SuperAdmin\CategoryController))
#11 C:\xampp\htdocs\Projek_web2\system\CodeIgniter.php(354): CodeIgniter\CodeIgniter->handleRequest(NULL, Object(Config\Cache), false)
#12 C:\xampp\htdocs\Projek_web2\system\Boot.php(363): CodeIgniter\CodeIgniter->run()
#13 C:\xampp\htdocs\Projek_web2\system\Boot.php(68): CodeIgniter\Boot::runCodeIgniter(Object(CodeIgniter\CodeIgniter))
#14 C:\xampp\htdocs\Projek_web2\public\index.php(59): CodeIgniter\Boot::bootWeb(Object(Config\Paths))
#15 C:\xampp\htdocs\Projek_web2\system\rewrite.php(44): require_once('C:\\xampp\\htdocs...')
#16 {main}
CRITICAL - 2025-11-23 09:29:43 --> CodeIgniter\Database\Exceptions\DatabaseException: Unknown column 'description' in 'field list'
[Method: POST, Route: superadmin/categories/store]
in SYSTEMPATH\Database\BaseConnection.php on line 684.
 1 SYSTEMPATH\Database\BaseBuilder.php(2345): CodeIgniter\Database\BaseConnection->query('INSERT INTO `categories` (`name`, `code`, `description`, `status`, `created_at`, `updated_at`) VALUES (:name:, :code:, :description:, :status:, :created_at:, :updated_at:)', [...], false)
 2 SYSTEMPATH\Model.php(394): CodeIgniter\Database\BaseBuilder->insert()
 3 SYSTEMPATH\BaseModel.php(838): CodeIgniter\Model->doInsert([...])
 4 SYSTEMPATH\Model.php(797): CodeIgniter\BaseModel->insert([...], false)
 5 SYSTEMPATH\BaseModel.php(751): CodeIgniter\Model->insert([...], false)
 6 APPPATH\Controllers\SuperAdmin\CategoryController.php(55): CodeIgniter\BaseModel->save([...])
 7 SYSTEMPATH\CodeIgniter.php(933): App\Controllers\SuperAdmin\CategoryController->store()
 8 SYSTEMPATH\CodeIgniter.php(507): CodeIgniter\CodeIgniter->runController(Object(App\Controllers\SuperAdmin\CategoryController))
 9 SYSTEMPATH\CodeIgniter.php(354): CodeIgniter\CodeIgniter->handleRequest(null, Object(Config\Cache), false)
10 SYSTEMPATH\Boot.php(363): CodeIgniter\CodeIgniter->run()
11 SYSTEMPATH\Boot.php(68): CodeIgniter\Boot::runCodeIgniter(Object(CodeIgniter\CodeIgniter))
12 FCPATH\index.php(59): CodeIgniter\Boot::bootWeb(Object(Config\Paths))
13 SYSTEMPATH\rewrite.php(44): require_once('C:\\xampp\\htdocs\\Projek_web2\\public\\index.php')
CRITICAL - 2025-11-23 09:29:43 --> [Caused by] CodeIgniter\Database\Exceptions\DatabaseException: Unknown column 'description' in 'field list'
in SYSTEMPATH\Database\MySQLi\Connection.php on line 332.
 1 SYSTEMPATH\Database\BaseConnection.php(729): CodeIgniter\Database\MySQLi\Connection->execute('INSERT INTO `categories` (`name`, `code`, `description`, `status`, `created_at`, `updated_at`) VALUES (\'Pasta\', \'PAS\', \'-\', \'aktif\', \'2025-11-23 09:29:43\', \'2025-11-23 09:29:43\')')
 2 SYSTEMPATH\Database\BaseConnection.php(646): CodeIgniter\Database\BaseConnection->simpleQuery('INSERT INTO `categories` (`name`, `code`, `description`, `status`, `created_at`, `updated_at`) VALUES (\'Pasta\', \'PAS\', \'-\', \'aktif\', \'2025-11-23 09:29:43\', \'2025-11-23 09:29:43\')')
 3 SYSTEMPATH\Database\BaseBuilder.php(2345): CodeIgniter\Database\BaseConnection->query('INSERT INTO `categories` (`name`, `code`, `description`, `status`, `created_at`, `updated_at`) VALUES (:name:, :code:, :description:, :status:, :created_at:, :updated_at:)', [...], false)
 4 SYSTEMPATH\Model.php(394): CodeIgniter\Database\BaseBuilder->insert()
 5 SYSTEMPATH\BaseModel.php(838): CodeIgniter\Model->doInsert([...])
 6 SYSTEMPATH\Model.php(797): CodeIgniter\BaseModel->insert([...], false)
 7 SYSTEMPATH\BaseModel.php(751): CodeIgniter\Model->insert([...], false)
 8 APPPATH\Controllers\SuperAdmin\CategoryController.php(55): CodeIgniter\BaseModel->save([...])
 9 SYSTEMPATH\CodeIgniter.php(933): App\Controllers\SuperAdmin\CategoryController->store()
10 SYSTEMPATH\CodeIgniter.php(507): CodeIgniter\CodeIgniter->runController(Object(App\Controllers\SuperAdmin\CategoryController))
11 SYSTEMPATH\CodeIgniter.php(354): CodeIgniter\CodeIgniter->handleRequest(null, Object(Config\Cache), false)
12 SYSTEMPATH\Boot.php(363): CodeIgniter\CodeIgniter->run()
13 SYSTEMPATH\Boot.php(68): CodeIgniter\Boot::runCodeIgniter(Object(CodeIgniter\CodeIgniter))
14 FCPATH\index.php(59): CodeIgniter\Boot::bootWeb(Object(Config\Paths))
15 SYSTEMPATH\rewrite.php(44): require_once('C:\\xampp\\htdocs\\Projek_web2\\public\\index.php')
CRITICAL - 2025-11-23 09:29:43 --> [Caused by] mysqli_sql_exception: Unknown column 'description' in 'field list'
in SYSTEMPATH\Database\MySQLi\Connection.php on line 327.
 1 SYSTEMPATH\Database\MySQLi\Connection.php(327): mysqli->query('INSERT INTO `categories` (`name`, `code`, `description`, `status`, `created_at`, `updated_at`) VALUES (\'Pasta\', \'PAS\', \'-\', \'aktif\', \'2025-11-23 09:29:43\', \'2025-11-23 09:29:43\')', 0)
 2 SYSTEMPATH\Database\BaseConnection.php(729): CodeIgniter\Database\MySQLi\Connection->execute('INSERT INTO `categories` (`name`, `code`, `description`, `status`, `created_at`, `updated_at`) VALUES (\'Pasta\', \'PAS\', \'-\', \'aktif\', \'2025-11-23 09:29:43\', \'2025-11-23 09:29:43\')')
 3 SYSTEMPATH\Database\BaseConnection.php(646): CodeIgniter\Database\BaseConnection->simpleQuery('INSERT INTO `categories` (`name`, `code`, `description`, `status`, `created_at`, `updated_at`) VALUES (\'Pasta\', \'PAS\', \'-\', \'aktif\', \'2025-11-23 09:29:43\', \'2025-11-23 09:29:43\')')
 4 SYSTEMPATH\Database\BaseBuilder.php(2345): CodeIgniter\Database\BaseConnection->query('INSERT INTO `categories` (`name`, `code`, `description`, `status`, `created_at`, `updated_at`) VALUES (:name:, :code:, :description:, :status:, :created_at:, :updated_at:)', [...], false)
 5 SYSTEMPATH\Model.php(394): CodeIgniter\Database\BaseBuilder->insert()
 6 SYSTEMPATH\BaseModel.php(838): CodeIgniter\Model->doInsert([...])
 7 SYSTEMPATH\Model.php(797): CodeIgniter\BaseModel->insert([...], false)
 8 SYSTEMPATH\BaseModel.php(751): CodeIgniter\Model->insert([...], false)
 9 APPPATH\Controllers\SuperAdmin\CategoryController.php(55): CodeIgniter\BaseModel->save([...])
10 SYSTEMPATH\CodeIgniter.php(933): App\Controllers\SuperAdmin\CategoryController->store()
11 SYSTEMPATH\CodeIgniter.php(507): CodeIgniter\CodeIgniter->runController(Object(App\Controllers\SuperAdmin\CategoryController))
12 SYSTEMPATH\CodeIgniter.php(354): CodeIgniter\CodeIgniter->handleRequest(null, Object(Config\Cache), false)
13 SYSTEMPATH\Boot.php(363): CodeIgniter\CodeIgniter->run()
14 SYSTEMPATH\Boot.php(68): CodeIgniter\Boot::runCodeIgniter(Object(CodeIgniter\CodeIgniter))
15 FCPATH\index.php(59): CodeIgniter\Boot::bootWeb(Object(Config\Paths))
16 SYSTEMPATH\rewrite.php(44): require_once('C:\\xampp\\htdocs\\Projek_web2\\public\\index.php')
DEBUG - 2025-11-23 09:29:47 --> Session: Class initialized using 'CodeIgniter\Session\Handlers\FileHandler' driver.
DEBUG - 2025-11-23 09:29:54 --> Session: Class initialized using 'CodeIgniter\Session\Handlers\FileHandler' driver.
DEBUG - 2025-11-23 09:35:08 --> Session: Class initialized using 'CodeIgniter\Session\Handlers\FileHandler' driver.
DEBUG - 2025-11-23 09:35:17 --> Session: Class initialized using 'CodeIgniter\Session\Handlers\FileHandler' driver.
DEBUG - 2025-11-23 09:35:22 --> Session: Class initialized using 'CodeIgniter\Session\Handlers\FileHandler' driver.
INFO - 2025-11-23 09:35:26 --> CSRF token verified.
DEBUG - 2025-11-23 09:35:26 --> Session: Class initialized using 'CodeIgniter\Session\Handlers\FileHandler' driver.
DEBUG - 2025-11-23 09:35:27 --> Session: Class initialized using 'CodeIgniter\Session\Handlers\FileHandler' driver.
DEBUG - 2025-11-23 09:39:30 --> Session: Class initialized using 'CodeIgniter\Session\Handlers\FileHandler' driver.
DEBUG - 2025-11-23 09:39:37 --> Session: Class initialized using 'CodeIgniter\Session\Handlers\FileHandler' driver.
INFO - 2025-11-23 09:39:44 --> CSRF token verified.
ERROR - 2025-11-23 09:39:44 --> mysqli_sql_exception: Unknown column 'description' in 'field list' in C:\xampp\htdocs\Projek_web2\system\Database\MySQLi\Connection.php:327
Stack trace:
#0 C:\xampp\htdocs\Projek_web2\system\Database\MySQLi\Connection.php(327): mysqli->query('INSERT INTO `ca...', 0)
#1 C:\xampp\htdocs\Projek_web2\system\Database\BaseConnection.php(729): CodeIgniter\Database\MySQLi\Connection->execute('INSERT INTO `ca...')
#2 C:\xampp\htdocs\Projek_web2\system\Database\BaseConnection.php(646): CodeIgniter\Database\BaseConnection->simpleQuery('INSERT INTO `ca...')
#3 C:\xampp\htdocs\Projek_web2\system\Database\BaseBuilder.php(2345): CodeIgniter\Database\BaseConnection->query('INSERT INTO `ca...', Array, false)
#4 C:\xampp\htdocs\Projek_web2\system\Model.php(394): CodeIgniter\Database\BaseBuilder->insert()
#5 C:\xampp\htdocs\Projek_web2\system\BaseModel.php(838): CodeIgniter\Model->doInsert(Array)
#6 C:\xampp\htdocs\Projek_web2\system\Model.php(797): CodeIgniter\BaseModel->insert(Array, false)
#7 C:\xampp\htdocs\Projek_web2\system\BaseModel.php(751): CodeIgniter\Model->insert(Array, false)
#8 C:\xampp\htdocs\Projek_web2\app\Controllers\SuperAdmin\CategoryController.php(57): CodeIgniter\BaseModel->save(Array)
#9 C:\xampp\htdocs\Projek_web2\system\CodeIgniter.php(933): App\Controllers\SuperAdmin\CategoryController->store()
#10 C:\xampp\htdocs\Projek_web2\system\CodeIgniter.php(507): CodeIgniter\CodeIgniter->runController(Object(App\Controllers\SuperAdmin\CategoryController))
#11 C:\xampp\htdocs\Projek_web2\system\CodeIgniter.php(354): CodeIgniter\CodeIgniter->handleRequest(NULL, Object(Config\Cache), false)
#12 C:\xampp\htdocs\Projek_web2\system\Boot.php(363): CodeIgniter\CodeIgniter->run()
#13 C:\xampp\htdocs\Projek_web2\system\Boot.php(68): CodeIgniter\Boot::runCodeIgniter(Object(CodeIgniter\CodeIgniter))
#14 C:\xampp\htdocs\Projek_web2\public\index.php(59): CodeIgniter\Boot::bootWeb(Object(Config\Paths))
#15 C:\xampp\htdocs\Projek_web2\system\rewrite.php(44): require_once('C:\\xampp\\htdocs...')
#16 {main}
CRITICAL - 2025-11-23 09:39:44 --> CodeIgniter\Database\Exceptions\DatabaseException: Unknown column 'description' in 'field list'
[Method: POST, Route: superadmin/categories/store]
in SYSTEMPATH\Database\BaseConnection.php on line 684.
 1 SYSTEMPATH\Database\BaseBuilder.php(2345): CodeIgniter\Database\BaseConnection->query('INSERT INTO `categories` (`name`, `code`, `description`, `status`, `created_at`, `updated_at`) VALUES (:name:, :code:, :description:, :status:, :created_at:, :updated_at:)', [...], false)
 2 SYSTEMPATH\Model.php(394): CodeIgniter\Database\BaseBuilder->insert()
 3 SYSTEMPATH\BaseModel.php(838): CodeIgniter\Model->doInsert([...])
 4 SYSTEMPATH\Model.php(797): CodeIgniter\BaseModel->insert([...], false)
 5 SYSTEMPATH\BaseModel.php(751): CodeIgniter\Model->insert([...], false)
 6 APPPATH\Controllers\SuperAdmin\CategoryController.php(57): CodeIgniter\BaseModel->save([...])
 7 SYSTEMPATH\CodeIgniter.php(933): App\Controllers\SuperAdmin\CategoryController->store()
 8 SYSTEMPATH\CodeIgniter.php(507): CodeIgniter\CodeIgniter->runController(Object(App\Controllers\SuperAdmin\CategoryController))
 9 SYSTEMPATH\CodeIgniter.php(354): CodeIgniter\CodeIgniter->handleRequest(null, Object(Config\Cache), false)
10 SYSTEMPATH\Boot.php(363): CodeIgniter\CodeIgniter->run()
11 SYSTEMPATH\Boot.php(68): CodeIgniter\Boot::runCodeIgniter(Object(CodeIgniter\CodeIgniter))
12 FCPATH\index.php(59): CodeIgniter\Boot::bootWeb(Object(Config\Paths))
13 SYSTEMPATH\rewrite.php(44): require_once('C:\\xampp\\htdocs\\Projek_web2\\public\\index.php')
CRITICAL - 2025-11-23 09:39:44 --> [Caused by] CodeIgniter\Database\Exceptions\DatabaseException: Unknown column 'description' in 'field list'
in SYSTEMPATH\Database\MySQLi\Connection.php on line 332.
 1 SYSTEMPATH\Database\BaseConnection.php(729): CodeIgniter\Database\MySQLi\Connection->execute('INSERT INTO `categories` (`name`, `code`, `description`, `status`, `created_at`, `updated_at`) VALUES (\'Pasta\', \'PAS\', \'-\', \'aktif\', \'2025-11-23 09:39:44\', \'2025-11-23 09:39:44\')')
 2 SYSTEMPATH\Database\BaseConnection.php(646): CodeIgniter\Database\BaseConnection->simpleQuery('INSERT INTO `categories` (`name`, `code`, `description`, `status`, `created_at`, `updated_at`) VALUES (\'Pasta\', \'PAS\', \'-\', \'aktif\', \'2025-11-23 09:39:44\', \'2025-11-23 09:39:44\')')
 3 SYSTEMPATH\Database\BaseBuilder.php(2345): CodeIgniter\Database\BaseConnection->query('INSERT INTO `categories` (`name`, `code`, `description`, `status`, `created_at`, `updated_at`) VALUES (:name:, :code:, :description:, :status:, :created_at:, :updated_at:)', [...], false)
 4 SYSTEMPATH\Model.php(394): CodeIgniter\Database\BaseBuilder->insert()
 5 SYSTEMPATH\BaseModel.php(838): CodeIgniter\Model->doInsert([...])
 6 SYSTEMPATH\Model.php(797): CodeIgniter\BaseModel->insert([...], false)
 7 SYSTEMPATH\BaseModel.php(751): CodeIgniter\Model->insert([...], false)
 8 APPPATH\Controllers\SuperAdmin\CategoryController.php(57): CodeIgniter\BaseModel->save([...])
 9 SYSTEMPATH\CodeIgniter.php(933): App\Controllers\SuperAdmin\CategoryController->store()
10 SYSTEMPATH\CodeIgniter.php(507): CodeIgniter\CodeIgniter->runController(Object(App\Controllers\SuperAdmin\CategoryController))
11 SYSTEMPATH\CodeIgniter.php(354): CodeIgniter\CodeIgniter->handleRequest(null, Object(Config\Cache), false)
12 SYSTEMPATH\Boot.php(363): CodeIgniter\CodeIgniter->run()
13 SYSTEMPATH\Boot.php(68): CodeIgniter\Boot::runCodeIgniter(Object(CodeIgniter\CodeIgniter))
14 FCPATH\index.php(59): CodeIgniter\Boot::bootWeb(Object(Config\Paths))
15 SYSTEMPATH\rewrite.php(44): require_once('C:\\xampp\\htdocs\\Projek_web2\\public\\index.php')
CRITICAL - 2025-11-23 09:39:44 --> [Caused by] mysqli_sql_exception: Unknown column 'description' in 'field list'
in SYSTEMPATH\Database\MySQLi\Connection.php on line 327.
 1 SYSTEMPATH\Database\MySQLi\Connection.php(327): mysqli->query('INSERT INTO `categories` (`name`, `code`, `description`, `status`, `created_at`, `updated_at`) VALUES (\'Pasta\', \'PAS\', \'-\', \'aktif\', \'2025-11-23 09:39:44\', \'2025-11-23 09:39:44\')', 0)
 2 SYSTEMPATH\Database\BaseConnection.php(729): CodeIgniter\Database\MySQLi\Connection->execute('INSERT INTO `categories` (`name`, `code`, `description`, `status`, `created_at`, `updated_at`) VALUES (\'Pasta\', \'PAS\', \'-\', \'aktif\', \'2025-11-23 09:39:44\', \'2025-11-23 09:39:44\')')
 3 SYSTEMPATH\Database\BaseConnection.php(646): CodeIgniter\Database\BaseConnection->simpleQuery('INSERT INTO `categories` (`name`, `code`, `description`, `status`, `created_at`, `updated_at`) VALUES (\'Pasta\', \'PAS\', \'-\', \'aktif\', \'2025-11-23 09:39:44\', \'2025-11-23 09:39:44\')')
 4 SYSTEMPATH\Database\BaseBuilder.php(2345): CodeIgniter\Database\BaseConnection->query('INSERT INTO `categories` (`name`, `code`, `description`, `status`, `created_at`, `updated_at`) VALUES (:name:, :code:, :description:, :status:, :created_at:, :updated_at:)', [...], false)
 5 SYSTEMPATH\Model.php(394): CodeIgniter\Database\BaseBuilder->insert()
 6 SYSTEMPATH\BaseModel.php(838): CodeIgniter\Model->doInsert([...])
 7 SYSTEMPATH\Model.php(797): CodeIgniter\BaseModel->insert([...], false)
 8 SYSTEMPATH\BaseModel.php(751): CodeIgniter\Model->insert([...], false)
 9 APPPATH\Controllers\SuperAdmin\CategoryController.php(57): CodeIgniter\BaseModel->save([...])
10 SYSTEMPATH\CodeIgniter.php(933): App\Controllers\SuperAdmin\CategoryController->store()
11 SYSTEMPATH\CodeIgniter.php(507): CodeIgniter\CodeIgniter->runController(Object(App\Controllers\SuperAdmin\CategoryController))
12 SYSTEMPATH\CodeIgniter.php(354): CodeIgniter\CodeIgniter->handleRequest(null, Object(Config\Cache), false)
13 SYSTEMPATH\Boot.php(363): CodeIgniter\CodeIgniter->run()
14 SYSTEMPATH\Boot.php(68): CodeIgniter\Boot::runCodeIgniter(Object(CodeIgniter\CodeIgniter))
15 FCPATH\index.php(59): CodeIgniter\Boot::bootWeb(Object(Config\Paths))
16 SYSTEMPATH\rewrite.php(44): require_once('C:\\xampp\\htdocs\\Projek_web2\\public\\index.php')
INFO - 2025-11-23 09:42:23 --> CSRF token verified.
ERROR - 2025-11-23 09:42:23 --> mysqli_sql_exception: Unknown column 'description' in 'field list' in C:\xampp\htdocs\Projek_web2\system\Database\MySQLi\Connection.php:327
Stack trace:
#0 C:\xampp\htdocs\Projek_web2\system\Database\MySQLi\Connection.php(327): mysqli->query('INSERT INTO `ca...', 0)
#1 C:\xampp\htdocs\Projek_web2\system\Database\BaseConnection.php(729): CodeIgniter\Database\MySQLi\Connection->execute('INSERT INTO `ca...')
#2 C:\xampp\htdocs\Projek_web2\system\Database\BaseConnection.php(646): CodeIgniter\Database\BaseConnection->simpleQuery('INSERT INTO `ca...')
#3 C:\xampp\htdocs\Projek_web2\system\Database\BaseBuilder.php(2345): CodeIgniter\Database\BaseConnection->query('INSERT INTO `ca...', Array, false)
#4 C:\xampp\htdocs\Projek_web2\system\Model.php(394): CodeIgniter\Database\BaseBuilder->insert()
#5 C:\xampp\htdocs\Projek_web2\system\BaseModel.php(838): CodeIgniter\Model->doInsert(Array)
#6 C:\xampp\htdocs\Projek_web2\system\Model.php(797): CodeIgniter\BaseModel->insert(Array, false)
#7 C:\xampp\htdocs\Projek_web2\system\BaseModel.php(751): CodeIgniter\Model->insert(Array, false)
#8 C:\xampp\htdocs\Projek_web2\app\Controllers\SuperAdmin\CategoryController.php(57): CodeIgniter\BaseModel->save(Array)
#9 C:\xampp\htdocs\Projek_web2\system\CodeIgniter.php(933): App\Controllers\SuperAdmin\CategoryController->store()
#10 C:\xampp\htdocs\Projek_web2\system\CodeIgniter.php(507): CodeIgniter\CodeIgniter->runController(Object(App\Controllers\SuperAdmin\CategoryController))
#11 C:\xampp\htdocs\Projek_web2\system\CodeIgniter.php(354): CodeIgniter\CodeIgniter->handleRequest(NULL, Object(Config\Cache), false)
#12 C:\xampp\htdocs\Projek_web2\system\Boot.php(363): CodeIgniter\CodeIgniter->run()
#13 C:\xampp\htdocs\Projek_web2\system\Boot.php(68): CodeIgniter\Boot::runCodeIgniter(Object(CodeIgniter\CodeIgniter))
#14 C:\xampp\htdocs\Projek_web2\public\index.php(59): CodeIgniter\Boot::bootWeb(Object(Config\Paths))
#15 C:\xampp\htdocs\Projek_web2\system\rewrite.php(44): require_once('C:\\xampp\\htdocs...')
#16 {main}
CRITICAL - 2025-11-23 09:42:24 --> CodeIgniter\Database\Exceptions\DatabaseException: Unknown column 'description' in 'field list'
[Method: POST, Route: superadmin/categories/store]
in SYSTEMPATH\Database\BaseConnection.php on line 684.
 1 SYSTEMPATH\Database\BaseBuilder.php(2345): CodeIgniter\Database\BaseConnection->query('INSERT INTO `categories` (`name`, `code`, `description`, `status`, `created_at`, `updated_at`) VALUES (:name:, :code:, :description:, :status:, :created_at:, :updated_at:)', [...], false)
 2 SYSTEMPATH\Model.php(394): CodeIgniter\Database\BaseBuilder->insert()
 3 SYSTEMPATH\BaseModel.php(838): CodeIgniter\Model->doInsert([...])
 4 SYSTEMPATH\Model.php(797): CodeIgniter\BaseModel->insert([...], false)
 5 SYSTEMPATH\BaseModel.php(751): CodeIgniter\Model->insert([...], false)
 6 APPPATH\Controllers\SuperAdmin\CategoryController.php(57): CodeIgniter\BaseModel->save([...])
 7 SYSTEMPATH\CodeIgniter.php(933): App\Controllers\SuperAdmin\CategoryController->store()
 8 SYSTEMPATH\CodeIgniter.php(507): CodeIgniter\CodeIgniter->runController(Object(App\Controllers\SuperAdmin\CategoryController))
 9 SYSTEMPATH\CodeIgniter.php(354): CodeIgniter\CodeIgniter->handleRequest(null, Object(Config\Cache), false)
10 SYSTEMPATH\Boot.php(363): CodeIgniter\CodeIgniter->run()
11 SYSTEMPATH\Boot.php(68): CodeIgniter\Boot::runCodeIgniter(Object(CodeIgniter\CodeIgniter))
12 FCPATH\index.php(59): CodeIgniter\Boot::bootWeb(Object(Config\Paths))
13 SYSTEMPATH\rewrite.php(44): require_once('C:\\xampp\\htdocs\\Projek_web2\\public\\index.php')
CRITICAL - 2025-11-23 09:42:24 --> [Caused by] CodeIgniter\Database\Exceptions\DatabaseException: Unknown column 'description' in 'field list'
in SYSTEMPATH\Database\MySQLi\Connection.php on line 332.
 1 SYSTEMPATH\Database\BaseConnection.php(729): CodeIgniter\Database\MySQLi\Connection->execute('INSERT INTO `categories` (`name`, `code`, `description`, `status`, `created_at`, `updated_at`) VALUES (\'Pasta\', \'PAS\', \'-\', \'aktif\', \'2025-11-23 09:42:23\', \'2025-11-23 09:42:23\')')
 2 SYSTEMPATH\Database\BaseConnection.php(646): CodeIgniter\Database\BaseConnection->simpleQuery('INSERT INTO `categories` (`name`, `code`, `description`, `status`, `created_at`, `updated_at`) VALUES (\'Pasta\', \'PAS\', \'-\', \'aktif\', \'2025-11-23 09:42:23\', \'2025-11-23 09:42:23\')')
 3 SYSTEMPATH\Database\BaseBuilder.php(2345): CodeIgniter\Database\BaseConnection->query('INSERT INTO `categories` (`name`, `code`, `description`, `status`, `created_at`, `updated_at`) VALUES (:name:, :code:, :description:, :status:, :created_at:, :updated_at:)', [...], false)
 4 SYSTEMPATH\Model.php(394): CodeIgniter\Database\BaseBuilder->insert()
 5 SYSTEMPATH\BaseModel.php(838): CodeIgniter\Model->doInsert([...])
 6 SYSTEMPATH\Model.php(797): CodeIgniter\BaseModel->insert([...], false)
 7 SYSTEMPATH\BaseModel.php(751): CodeIgniter\Model->insert([...], false)
 8 APPPATH\Controllers\SuperAdmin\CategoryController.php(57): CodeIgniter\BaseModel->save([...])
 9 SYSTEMPATH\CodeIgniter.php(933): App\Controllers\SuperAdmin\CategoryController->store()
10 SYSTEMPATH\CodeIgniter.php(507): CodeIgniter\CodeIgniter->runController(Object(App\Controllers\SuperAdmin\CategoryController))
11 SYSTEMPATH\CodeIgniter.php(354): CodeIgniter\CodeIgniter->handleRequest(null, Object(Config\Cache), false)
12 SYSTEMPATH\Boot.php(363): CodeIgniter\CodeIgniter->run()
13 SYSTEMPATH\Boot.php(68): CodeIgniter\Boot::runCodeIgniter(Object(CodeIgniter\CodeIgniter))
14 FCPATH\index.php(59): CodeIgniter\Boot::bootWeb(Object(Config\Paths))
15 SYSTEMPATH\rewrite.php(44): require_once('C:\\xampp\\htdocs\\Projek_web2\\public\\index.php')
CRITICAL - 2025-11-23 09:42:24 --> [Caused by] mysqli_sql_exception: Unknown column 'description' in 'field list'
in SYSTEMPATH\Database\MySQLi\Connection.php on line 327.
 1 SYSTEMPATH\Database\MySQLi\Connection.php(327): mysqli->query('INSERT INTO `categories` (`name`, `code`, `description`, `status`, `created_at`, `updated_at`) VALUES (\'Pasta\', \'PAS\', \'-\', \'aktif\', \'2025-11-23 09:42:23\', \'2025-11-23 09:42:23\')', 0)
 2 SYSTEMPATH\Database\BaseConnection.php(729): CodeIgniter\Database\MySQLi\Connection->execute('INSERT INTO `categories` (`name`, `code`, `description`, `status`, `created_at`, `updated_at`) VALUES (\'Pasta\', \'PAS\', \'-\', \'aktif\', \'2025-11-23 09:42:23\', \'2025-11-23 09:42:23\')')
 3 SYSTEMPATH\Database\BaseConnection.php(646): CodeIgniter\Database\BaseConnection->simpleQuery('INSERT INTO `categories` (`name`, `code`, `description`, `status`, `created_at`, `updated_at`) VALUES (\'Pasta\', \'PAS\', \'-\', \'aktif\', \'2025-11-23 09:42:23\', \'2025-11-23 09:42:23\')')
 4 SYSTEMPATH\Database\BaseBuilder.php(2345): CodeIgniter\Database\BaseConnection->query('INSERT INTO `categories` (`name`, `code`, `description`, `status`, `created_at`, `updated_at`) VALUES (:name:, :code:, :description:, :status:, :created_at:, :updated_at:)', [...], false)
 5 SYSTEMPATH\Model.php(394): CodeIgniter\Database\BaseBuilder->insert()
 6 SYSTEMPATH\BaseModel.php(838): CodeIgniter\Model->doInsert([...])
 7 SYSTEMPATH\Model.php(797): CodeIgniter\BaseModel->insert([...], false)
 8 SYSTEMPATH\BaseModel.php(751): CodeIgniter\Model->insert([...], false)
 9 APPPATH\Controllers\SuperAdmin\CategoryController.php(57): CodeIgniter\BaseModel->save([...])
10 SYSTEMPATH\CodeIgniter.php(933): App\Controllers\SuperAdmin\CategoryController->store()
11 SYSTEMPATH\CodeIgniter.php(507): CodeIgniter\CodeIgniter->runController(Object(App\Controllers\SuperAdmin\CategoryController))
12 SYSTEMPATH\CodeIgniter.php(354): CodeIgniter\CodeIgniter->handleRequest(null, Object(Config\Cache), false)
13 SYSTEMPATH\Boot.php(363): CodeIgniter\CodeIgniter->run()
14 SYSTEMPATH\Boot.php(68): CodeIgniter\Boot::runCodeIgniter(Object(CodeIgniter\CodeIgniter))
15 FCPATH\index.php(59): CodeIgniter\Boot::bootWeb(Object(Config\Paths))
16 SYSTEMPATH\rewrite.php(44): require_once('C:\\xampp\\htdocs\\Projek_web2\\public\\index.php')
DEBUG - 2025-11-23 09:42:27 --> Session: Class initialized using 'CodeIgniter\Session\Handlers\FileHandler' driver.
DEBUG - 2025-11-23 09:42:29 --> Session: Class initialized using 'CodeIgniter\Session\Handlers\FileHandler' driver.
INFO - 2025-11-23 09:42:35 --> CSRF token verified.
ERROR - 2025-11-23 09:42:35 --> mysqli_sql_exception: Unknown column 'description' in 'field list' in C:\xampp\htdocs\Projek_web2\system\Database\MySQLi\Connection.php:327
Stack trace:
#0 C:\xampp\htdocs\Projek_web2\system\Database\MySQLi\Connection.php(327): mysqli->query('INSERT INTO `ca...', 0)
#1 C:\xampp\htdocs\Projek_web2\system\Database\BaseConnection.php(729): CodeIgniter\Database\MySQLi\Connection->execute('INSERT INTO `ca...')
#2 C:\xampp\htdocs\Projek_web2\system\Database\BaseConnection.php(646): CodeIgniter\Database\BaseConnection->simpleQuery('INSERT INTO `ca...')
#3 C:\xampp\htdocs\Projek_web2\system\Database\BaseBuilder.php(2345): CodeIgniter\Database\BaseConnection->query('INSERT INTO `ca...', Array, false)
#4 C:\xampp\htdocs\Projek_web2\system\Model.php(394): CodeIgniter\Database\BaseBuilder->insert()
#5 C:\xampp\htdocs\Projek_web2\system\BaseModel.php(838): CodeIgniter\Model->doInsert(Array)
#6 C:\xampp\htdocs\Projek_web2\system\Model.php(797): CodeIgniter\BaseModel->insert(Array, false)
#7 C:\xampp\htdocs\Projek_web2\system\BaseModel.php(751): CodeIgniter\Model->insert(Array, false)
#8 C:\xampp\htdocs\Projek_web2\app\Controllers\SuperAdmin\CategoryController.php(57): CodeIgniter\BaseModel->save(Array)
#9 C:\xampp\htdocs\Projek_web2\system\CodeIgniter.php(933): App\Controllers\SuperAdmin\CategoryController->store()
#10 C:\xampp\htdocs\Projek_web2\system\CodeIgniter.php(507): CodeIgniter\CodeIgniter->runController(Object(App\Controllers\SuperAdmin\CategoryController))
#11 C:\xampp\htdocs\Projek_web2\system\CodeIgniter.php(354): CodeIgniter\CodeIgniter->handleRequest(NULL, Object(Config\Cache), false)
#12 C:\xampp\htdocs\Projek_web2\system\Boot.php(363): CodeIgniter\CodeIgniter->run()
#13 C:\xampp\htdocs\Projek_web2\system\Boot.php(68): CodeIgniter\Boot::runCodeIgniter(Object(CodeIgniter\CodeIgniter))
#14 C:\xampp\htdocs\Projek_web2\public\index.php(59): CodeIgniter\Boot::bootWeb(Object(Config\Paths))
#15 C:\xampp\htdocs\Projek_web2\system\rewrite.php(44): require_once('C:\\xampp\\htdocs...')
#16 {main}
CRITICAL - 2025-11-23 09:42:35 --> CodeIgniter\Database\Exceptions\DatabaseException: Unknown column 'description' in 'field list'
[Method: POST, Route: superadmin/categories/store]
in SYSTEMPATH\Database\BaseConnection.php on line 684.
 1 SYSTEMPATH\Database\BaseBuilder.php(2345): CodeIgniter\Database\BaseConnection->query('INSERT INTO `categories` (`name`, `code`, `description`, `status`, `created_at`, `updated_at`) VALUES (:name:, :code:, :description:, :status:, :created_at:, :updated_at:)', [...], false)
 2 SYSTEMPATH\Model.php(394): CodeIgniter\Database\BaseBuilder->insert()
 3 SYSTEMPATH\BaseModel.php(838): CodeIgniter\Model->doInsert([...])
 4 SYSTEMPATH\Model.php(797): CodeIgniter\BaseModel->insert([...], false)
 5 SYSTEMPATH\BaseModel.php(751): CodeIgniter\Model->insert([...], false)
 6 APPPATH\Controllers\SuperAdmin\CategoryController.php(57): CodeIgniter\BaseModel->save([...])
 7 SYSTEMPATH\CodeIgniter.php(933): App\Controllers\SuperAdmin\CategoryController->store()
 8 SYSTEMPATH\CodeIgniter.php(507): CodeIgniter\CodeIgniter->runController(Object(App\Controllers\SuperAdmin\CategoryController))
 9 SYSTEMPATH\CodeIgniter.php(354): CodeIgniter\CodeIgniter->handleRequest(null, Object(Config\Cache), false)
10 SYSTEMPATH\Boot.php(363): CodeIgniter\CodeIgniter->run()
11 SYSTEMPATH\Boot.php(68): CodeIgniter\Boot::runCodeIgniter(Object(CodeIgniter\CodeIgniter))
12 FCPATH\index.php(59): CodeIgniter\Boot::bootWeb(Object(Config\Paths))
13 SYSTEMPATH\rewrite.php(44): require_once('C:\\xampp\\htdocs\\Projek_web2\\public\\index.php')
CRITICAL - 2025-11-23 09:42:35 --> [Caused by] CodeIgniter\Database\Exceptions\DatabaseException: Unknown column 'description' in 'field list'
in SYSTEMPATH\Database\MySQLi\Connection.php on line 332.
 1 SYSTEMPATH\Database\BaseConnection.php(729): CodeIgniter\Database\MySQLi\Connection->execute('INSERT INTO `categories` (`name`, `code`, `description`, `status`, `created_at`, `updated_at`) VALUES (\'Pasta\', \'PAS\', \'-\', \'aktif\', \'2025-11-23 09:42:35\', \'2025-11-23 09:42:35\')')
 2 SYSTEMPATH\Database\BaseConnection.php(646): CodeIgniter\Database\BaseConnection->simpleQuery('INSERT INTO `categories` (`name`, `code`, `description`, `status`, `created_at`, `updated_at`) VALUES (\'Pasta\', \'PAS\', \'-\', \'aktif\', \'2025-11-23 09:42:35\', \'2025-11-23 09:42:35\')')
 3 SYSTEMPATH\Database\BaseBuilder.php(2345): CodeIgniter\Database\BaseConnection->query('INSERT INTO `categories` (`name`, `code`, `description`, `status`, `created_at`, `updated_at`) VALUES (:name:, :code:, :description:, :status:, :created_at:, :updated_at:)', [...], false)
 4 SYSTEMPATH\Model.php(394): CodeIgniter\Database\BaseBuilder->insert()
 5 SYSTEMPATH\BaseModel.php(838): CodeIgniter\Model->doInsert([...])
 6 SYSTEMPATH\Model.php(797): CodeIgniter\BaseModel->insert([...], false)
 7 SYSTEMPATH\BaseModel.php(751): CodeIgniter\Model->insert([...], false)
 8 APPPATH\Controllers\SuperAdmin\CategoryController.php(57): CodeIgniter\BaseModel->save([...])
 9 SYSTEMPATH\CodeIgniter.php(933): App\Controllers\SuperAdmin\CategoryController->store()
10 SYSTEMPATH\CodeIgniter.php(507): CodeIgniter\CodeIgniter->runController(Object(App\Controllers\SuperAdmin\CategoryController))
11 SYSTEMPATH\CodeIgniter.php(354): CodeIgniter\CodeIgniter->handleRequest(null, Object(Config\Cache), false)
12 SYSTEMPATH\Boot.php(363): CodeIgniter\CodeIgniter->run()
13 SYSTEMPATH\Boot.php(68): CodeIgniter\Boot::runCodeIgniter(Object(CodeIgniter\CodeIgniter))
14 FCPATH\index.php(59): CodeIgniter\Boot::bootWeb(Object(Config\Paths))
15 SYSTEMPATH\rewrite.php(44): require_once('C:\\xampp\\htdocs\\Projek_web2\\public\\index.php')
CRITICAL - 2025-11-23 09:42:35 --> [Caused by] mysqli_sql_exception: Unknown column 'description' in 'field list'
in SYSTEMPATH\Database\MySQLi\Connection.php on line 327.
 1 SYSTEMPATH\Database\MySQLi\Connection.php(327): mysqli->query('INSERT INTO `categories` (`name`, `code`, `description`, `status`, `created_at`, `updated_at`) VALUES (\'Pasta\', \'PAS\', \'-\', \'aktif\', \'2025-11-23 09:42:35\', \'2025-11-23 09:42:35\')', 0)
 2 SYSTEMPATH\Database\BaseConnection.php(729): CodeIgniter\Database\MySQLi\Connection->execute('INSERT INTO `categories` (`name`, `code`, `description`, `status`, `created_at`, `updated_at`) VALUES (\'Pasta\', \'PAS\', \'-\', \'aktif\', \'2025-11-23 09:42:35\', \'2025-11-23 09:42:35\')')
 3 SYSTEMPATH\Database\BaseConnection.php(646): CodeIgniter\Database\BaseConnection->simpleQuery('INSERT INTO `categories` (`name`, `code`, `description`, `status`, `created_at`, `updated_at`) VALUES (\'Pasta\', \'PAS\', \'-\', \'aktif\', \'2025-11-23 09:42:35\', \'2025-11-23 09:42:35\')')
 4 SYSTEMPATH\Database\BaseBuilder.php(2345): CodeIgniter\Database\BaseConnection->query('INSERT INTO `categories` (`name`, `code`, `description`, `status`, `created_at`, `updated_at`) VALUES (:name:, :code:, :description:, :status:, :created_at:, :updated_at:)', [...], false)
 5 SYSTEMPATH\Model.php(394): CodeIgniter\Database\BaseBuilder->insert()
 6 SYSTEMPATH\BaseModel.php(838): CodeIgniter\Model->doInsert([...])
 7 SYSTEMPATH\Model.php(797): CodeIgniter\BaseModel->insert([...], false)
 8 SYSTEMPATH\BaseModel.php(751): CodeIgniter\Model->insert([...], false)
 9 APPPATH\Controllers\SuperAdmin\CategoryController.php(57): CodeIgniter\BaseModel->save([...])
10 SYSTEMPATH\CodeIgniter.php(933): App\Controllers\SuperAdmin\CategoryController->store()
11 SYSTEMPATH\CodeIgniter.php(507): CodeIgniter\CodeIgniter->runController(Object(App\Controllers\SuperAdmin\CategoryController))
12 SYSTEMPATH\CodeIgniter.php(354): CodeIgniter\CodeIgniter->handleRequest(null, Object(Config\Cache), false)
13 SYSTEMPATH\Boot.php(363): CodeIgniter\CodeIgniter->run()
14 SYSTEMPATH\Boot.php(68): CodeIgniter\Boot::runCodeIgniter(Object(CodeIgniter\CodeIgniter))
15 FCPATH\index.php(59): CodeIgniter\Boot::bootWeb(Object(Config\Paths))
16 SYSTEMPATH\rewrite.php(44): require_once('C:\\xampp\\htdocs\\Projek_web2\\public\\index.php')
DEBUG - 2025-11-23 09:44:24 --> Session: Class initialized using 'CodeIgniter\Session\Handlers\FileHandler' driver.
DEBUG - 2025-11-23 09:44:32 --> Session: Class initialized using 'CodeIgniter\Session\Handlers\FileHandler' driver.
INFO - 2025-11-23 09:44:40 --> CSRF token verified.
ERROR - 2025-11-23 09:44:40 --> mysqli_sql_exception: Unknown column 'description' in 'field list' in C:\xampp\htdocs\Projek_web2\system\Database\MySQLi\Connection.php:327
Stack trace:
#0 C:\xampp\htdocs\Projek_web2\system\Database\MySQLi\Connection.php(327): mysqli->query('INSERT INTO `ca...', 0)
#1 C:\xampp\htdocs\Projek_web2\system\Database\BaseConnection.php(729): CodeIgniter\Database\MySQLi\Connection->execute('INSERT INTO `ca...')
#2 C:\xampp\htdocs\Projek_web2\system\Database\BaseConnection.php(646): CodeIgniter\Database\BaseConnection->simpleQuery('INSERT INTO `ca...')
#3 C:\xampp\htdocs\Projek_web2\system\Database\BaseBuilder.php(2345): CodeIgniter\Database\BaseConnection->query('INSERT INTO `ca...', Array, false)
#4 C:\xampp\htdocs\Projek_web2\system\Model.php(394): CodeIgniter\Database\BaseBuilder->insert()
#5 C:\xampp\htdocs\Projek_web2\system\BaseModel.php(838): CodeIgniter\Model->doInsert(Array)
#6 C:\xampp\htdocs\Projek_web2\system\Model.php(797): CodeIgniter\BaseModel->insert(Array, false)
#7 C:\xampp\htdocs\Projek_web2\system\BaseModel.php(751): CodeIgniter\Model->insert(Array, false)
#8 C:\xampp\htdocs\Projek_web2\app\Controllers\SuperAdmin\CategoryController.php(57): CodeIgniter\BaseModel->save(Array)
#9 C:\xampp\htdocs\Projek_web2\system\CodeIgniter.php(933): App\Controllers\SuperAdmin\CategoryController->store()
#10 C:\xampp\htdocs\Projek_web2\system\CodeIgniter.php(507): CodeIgniter\CodeIgniter->runController(Object(App\Controllers\SuperAdmin\CategoryController))
#11 C:\xampp\htdocs\Projek_web2\system\CodeIgniter.php(354): CodeIgniter\CodeIgniter->handleRequest(NULL, Object(Config\Cache), false)
#12 C:\xampp\htdocs\Projek_web2\system\Boot.php(363): CodeIgniter\CodeIgniter->run()
#13 C:\xampp\htdocs\Projek_web2\system\Boot.php(68): CodeIgniter\Boot::runCodeIgniter(Object(CodeIgniter\CodeIgniter))
#14 C:\xampp\htdocs\Projek_web2\public\index.php(59): CodeIgniter\Boot::bootWeb(Object(Config\Paths))
#15 C:\xampp\htdocs\Projek_web2\system\rewrite.php(44): require_once('C:\\xampp\\htdocs...')
#16 {main}
CRITICAL - 2025-11-23 09:44:40 --> CodeIgniter\Database\Exceptions\DatabaseException: Unknown column 'description' in 'field list'
[Method: POST, Route: superadmin/categories/store]
in SYSTEMPATH\Database\BaseConnection.php on line 684.
 1 SYSTEMPATH\Database\BaseBuilder.php(2345): CodeIgniter\Database\BaseConnection->query('INSERT INTO `categories` (`name`, `code`, `description`, `status`, `created_at`, `updated_at`) VALUES (:name:, :code:, :description:, :status:, :created_at:, :updated_at:)', [...], false)
 2 SYSTEMPATH\Model.php(394): CodeIgniter\Database\BaseBuilder->insert()
 3 SYSTEMPATH\BaseModel.php(838): CodeIgniter\Model->doInsert([...])
 4 SYSTEMPATH\Model.php(797): CodeIgniter\BaseModel->insert([...], false)
 5 SYSTEMPATH\BaseModel.php(751): CodeIgniter\Model->insert([...], false)
 6 APPPATH\Controllers\SuperAdmin\CategoryController.php(57): CodeIgniter\BaseModel->save([...])
 7 SYSTEMPATH\CodeIgniter.php(933): App\Controllers\SuperAdmin\CategoryController->store()
 8 SYSTEMPATH\CodeIgniter.php(507): CodeIgniter\CodeIgniter->runController(Object(App\Controllers\SuperAdmin\CategoryController))
 9 SYSTEMPATH\CodeIgniter.php(354): CodeIgniter\CodeIgniter->handleRequest(null, Object(Config\Cache), false)
10 SYSTEMPATH\Boot.php(363): CodeIgniter\CodeIgniter->run()
11 SYSTEMPATH\Boot.php(68): CodeIgniter\Boot::runCodeIgniter(Object(CodeIgniter\CodeIgniter))
12 FCPATH\index.php(59): CodeIgniter\Boot::bootWeb(Object(Config\Paths))
13 SYSTEMPATH\rewrite.php(44): require_once('C:\\xampp\\htdocs\\Projek_web2\\public\\index.php')
CRITICAL - 2025-11-23 09:44:40 --> [Caused by] CodeIgniter\Database\Exceptions\DatabaseException: Unknown column 'description' in 'field list'
in SYSTEMPATH\Database\MySQLi\Connection.php on line 332.
 1 SYSTEMPATH\Database\BaseConnection.php(729): CodeIgniter\Database\MySQLi\Connection->execute('INSERT INTO `categories` (`name`, `code`, `description`, `status`, `created_at`, `updated_at`) VALUES (\'Pasta\', \'PAS\', \'-\', \'aktif\', \'2025-11-23 09:44:40\', \'2025-11-23 09:44:40\')')
 2 SYSTEMPATH\Database\BaseConnection.php(646): CodeIgniter\Database\BaseConnection->simpleQuery('INSERT INTO `categories` (`name`, `code`, `description`, `status`, `created_at`, `updated_at`) VALUES (\'Pasta\', \'PAS\', \'-\', \'aktif\', \'2025-11-23 09:44:40\', \'2025-11-23 09:44:40\')')
 3 SYSTEMPATH\Database\BaseBuilder.php(2345): CodeIgniter\Database\BaseConnection->query('INSERT INTO `categories` (`name`, `code`, `description`, `status`, `created_at`, `updated_at`) VALUES (:name:, :code:, :description:, :status:, :created_at:, :updated_at:)', [...], false)
 4 SYSTEMPATH\Model.php(394): CodeIgniter\Database\BaseBuilder->insert()
 5 SYSTEMPATH\BaseModel.php(838): CodeIgniter\Model->doInsert([...])
 6 SYSTEMPATH\Model.php(797): CodeIgniter\BaseModel->insert([...], false)
 7 SYSTEMPATH\BaseModel.php(751): CodeIgniter\Model->insert([...], false)
 8 APPPATH\Controllers\SuperAdmin\CategoryController.php(57): CodeIgniter\BaseModel->save([...])
 9 SYSTEMPATH\CodeIgniter.php(933): App\Controllers\SuperAdmin\CategoryController->store()
10 SYSTEMPATH\CodeIgniter.php(507): CodeIgniter\CodeIgniter->runController(Object(App\Controllers\SuperAdmin\CategoryController))
11 SYSTEMPATH\CodeIgniter.php(354): CodeIgniter\CodeIgniter->handleRequest(null, Object(Config\Cache), false)
12 SYSTEMPATH\Boot.php(363): CodeIgniter\CodeIgniter->run()
13 SYSTEMPATH\Boot.php(68): CodeIgniter\Boot::runCodeIgniter(Object(CodeIgniter\CodeIgniter))
14 FCPATH\index.php(59): CodeIgniter\Boot::bootWeb(Object(Config\Paths))
15 SYSTEMPATH\rewrite.php(44): require_once('C:\\xampp\\htdocs\\Projek_web2\\public\\index.php')
CRITICAL - 2025-11-23 09:44:40 --> [Caused by] mysqli_sql_exception: Unknown column 'description' in 'field list'
in SYSTEMPATH\Database\MySQLi\Connection.php on line 327.
 1 SYSTEMPATH\Database\MySQLi\Connection.php(327): mysqli->query('INSERT INTO `categories` (`name`, `code`, `description`, `status`, `created_at`, `updated_at`) VALUES (\'Pasta\', \'PAS\', \'-\', \'aktif\', \'2025-11-23 09:44:40\', \'2025-11-23 09:44:40\')', 0)
 2 SYSTEMPATH\Database\BaseConnection.php(729): CodeIgniter\Database\MySQLi\Connection->execute('INSERT INTO `categories` (`name`, `code`, `description`, `status`, `created_at`, `updated_at`) VALUES (\'Pasta\', \'PAS\', \'-\', \'aktif\', \'2025-11-23 09:44:40\', \'2025-11-23 09:44:40\')')
 3 SYSTEMPATH\Database\BaseConnection.php(646): CodeIgniter\Database\BaseConnection->simpleQuery('INSERT INTO `categories` (`name`, `code`, `description`, `status`, `created_at`, `updated_at`) VALUES (\'Pasta\', \'PAS\', \'-\', \'aktif\', \'2025-11-23 09:44:40\', \'2025-11-23 09:44:40\')')
 4 SYSTEMPATH\Database\BaseBuilder.php(2345): CodeIgniter\Database\BaseConnection->query('INSERT INTO `categories` (`name`, `code`, `description`, `status`, `created_at`, `updated_at`) VALUES (:name:, :code:, :description:, :status:, :created_at:, :updated_at:)', [...], false)
 5 SYSTEMPATH\Model.php(394): CodeIgniter\Database\BaseBuilder->insert()
 6 SYSTEMPATH\BaseModel.php(838): CodeIgniter\Model->doInsert([...])
 7 SYSTEMPATH\Model.php(797): CodeIgniter\BaseModel->insert([...], false)
 8 SYSTEMPATH\BaseModel.php(751): CodeIgniter\Model->insert([...], false)
 9 APPPATH\Controllers\SuperAdmin\CategoryController.php(57): CodeIgniter\BaseModel->save([...])
10 SYSTEMPATH\CodeIgniter.php(933): App\Controllers\SuperAdmin\CategoryController->store()
11 SYSTEMPATH\CodeIgniter.php(507): CodeIgniter\CodeIgniter->runController(Object(App\Controllers\SuperAdmin\CategoryController))
12 SYSTEMPATH\CodeIgniter.php(354): CodeIgniter\CodeIgniter->handleRequest(null, Object(Config\Cache), false)
13 SYSTEMPATH\Boot.php(363): CodeIgniter\CodeIgniter->run()
14 SYSTEMPATH\Boot.php(68): CodeIgniter\Boot::runCodeIgniter(Object(CodeIgniter\CodeIgniter))
15 FCPATH\index.php(59): CodeIgniter\Boot::bootWeb(Object(Config\Paths))
16 SYSTEMPATH\rewrite.php(44): require_once('C:\\xampp\\htdocs\\Projek_web2\\public\\index.php')
DEBUG - 2025-11-23 09:45:04 --> Session: Class initialized using 'CodeIgniter\Session\Handlers\FileHandler' driver.
INFO - 2025-11-23 09:45:19 --> CSRF token verified.
ERROR - 2025-11-23 09:45:19 --> mysqli_sql_exception: Unknown column 'description' in 'field list' in C:\xampp\htdocs\Projek_web2\system\Database\MySQLi\Connection.php:327
Stack trace:
#0 C:\xampp\htdocs\Projek_web2\system\Database\MySQLi\Connection.php(327): mysqli->query('INSERT INTO `ca...', 0)
#1 C:\xampp\htdocs\Projek_web2\system\Database\BaseConnection.php(729): CodeIgniter\Database\MySQLi\Connection->execute('INSERT INTO `ca...')
#2 C:\xampp\htdocs\Projek_web2\system\Database\BaseConnection.php(646): CodeIgniter\Database\BaseConnection->simpleQuery('INSERT INTO `ca...')
#3 C:\xampp\htdocs\Projek_web2\system\Database\BaseBuilder.php(2345): CodeIgniter\Database\BaseConnection->query('INSERT INTO `ca...', Array, false)
#4 C:\xampp\htdocs\Projek_web2\system\Model.php(394): CodeIgniter\Database\BaseBuilder->insert()
#5 C:\xampp\htdocs\Projek_web2\system\BaseModel.php(838): CodeIgniter\Model->doInsert(Array)
#6 C:\xampp\htdocs\Projek_web2\system\Model.php(797): CodeIgniter\BaseModel->insert(Array, false)
#7 C:\xampp\htdocs\Projek_web2\system\BaseModel.php(751): CodeIgniter\Model->insert(Array, false)
#8 C:\xampp\htdocs\Projek_web2\app\Controllers\SuperAdmin\CategoryController.php(57): CodeIgniter\BaseModel->save(Array)
#9 C:\xampp\htdocs\Projek_web2\system\CodeIgniter.php(933): App\Controllers\SuperAdmin\CategoryController->store()
#10 C:\xampp\htdocs\Projek_web2\system\CodeIgniter.php(507): CodeIgniter\CodeIgniter->runController(Object(App\Controllers\SuperAdmin\CategoryController))
#11 C:\xampp\htdocs\Projek_web2\system\CodeIgniter.php(354): CodeIgniter\CodeIgniter->handleRequest(NULL, Object(Config\Cache), false)
#12 C:\xampp\htdocs\Projek_web2\system\Boot.php(363): CodeIgniter\CodeIgniter->run()
#13 C:\xampp\htdocs\Projek_web2\system\Boot.php(68): CodeIgniter\Boot::runCodeIgniter(Object(CodeIgniter\CodeIgniter))
#14 C:\xampp\htdocs\Projek_web2\public\index.php(59): CodeIgniter\Boot::bootWeb(Object(Config\Paths))
#15 C:\xampp\htdocs\Projek_web2\system\rewrite.php(44): require_once('C:\\xampp\\htdocs...')
#16 {main}
CRITICAL - 2025-11-23 09:45:19 --> CodeIgniter\Database\Exceptions\DatabaseException: Unknown column 'description' in 'field list'
[Method: POST, Route: superadmin/categories/store]
in SYSTEMPATH\Database\BaseConnection.php on line 684.
 1 SYSTEMPATH\Database\BaseBuilder.php(2345): CodeIgniter\Database\BaseConnection->query('INSERT INTO `categories` (`name`, `code`, `description`, `status`, `created_at`, `updated_at`) VALUES (:name:, :code:, :description:, :status:, :created_at:, :updated_at:)', [...], false)
 2 SYSTEMPATH\Model.php(394): CodeIgniter\Database\BaseBuilder->insert()
 3 SYSTEMPATH\BaseModel.php(838): CodeIgniter\Model->doInsert([...])
 4 SYSTEMPATH\Model.php(797): CodeIgniter\BaseModel->insert([...], false)
 5 SYSTEMPATH\BaseModel.php(751): CodeIgniter\Model->insert([...], false)
 6 APPPATH\Controllers\SuperAdmin\CategoryController.php(57): CodeIgniter\BaseModel->save([...])
 7 SYSTEMPATH\CodeIgniter.php(933): App\Controllers\SuperAdmin\CategoryController->store()
 8 SYSTEMPATH\CodeIgniter.php(507): CodeIgniter\CodeIgniter->runController(Object(App\Controllers\SuperAdmin\CategoryController))
 9 SYSTEMPATH\CodeIgniter.php(354): CodeIgniter\CodeIgniter->handleRequest(null, Object(Config\Cache), false)
10 SYSTEMPATH\Boot.php(363): CodeIgniter\CodeIgniter->run()
11 SYSTEMPATH\Boot.php(68): CodeIgniter\Boot::runCodeIgniter(Object(CodeIgniter\CodeIgniter))
12 FCPATH\index.php(59): CodeIgniter\Boot::bootWeb(Object(Config\Paths))
13 SYSTEMPATH\rewrite.php(44): require_once('C:\\xampp\\htdocs\\Projek_web2\\public\\index.php')
CRITICAL - 2025-11-23 09:45:19 --> [Caused by] CodeIgniter\Database\Exceptions\DatabaseException: Unknown column 'description' in 'field list'
in SYSTEMPATH\Database\MySQLi\Connection.php on line 332.
 1 SYSTEMPATH\Database\BaseConnection.php(729): CodeIgniter\Database\MySQLi\Connection->execute('INSERT INTO `categories` (`name`, `code`, `description`, `status`, `created_at`, `updated_at`) VALUES (\'Pasta\', \'PAS\', \'makanan\', \'aktif\', \'2025-11-23 09:45:19\', \'2025-11-23 09:45:19\')')
 2 SYSTEMPATH\Database\BaseConnection.php(646): CodeIgniter\Database\BaseConnection->simpleQuery('INSERT INTO `categories` (`name`, `code`, `description`, `status`, `created_at`, `updated_at`) VALUES (\'Pasta\', \'PAS\', \'makanan\', \'aktif\', \'2025-11-23 09:45:19\', \'2025-11-23 09:45:19\')')
 3 SYSTEMPATH\Database\BaseBuilder.php(2345): CodeIgniter\Database\BaseConnection->query('INSERT INTO `categories` (`name`, `code`, `description`, `status`, `created_at`, `updated_at`) VALUES (:name:, :code:, :description:, :status:, :created_at:, :updated_at:)', [...], false)
 4 SYSTEMPATH\Model.php(394): CodeIgniter\Database\BaseBuilder->insert()
 5 SYSTEMPATH\BaseModel.php(838): CodeIgniter\Model->doInsert([...])
 6 SYSTEMPATH\Model.php(797): CodeIgniter\BaseModel->insert([...], false)
 7 SYSTEMPATH\BaseModel.php(751): CodeIgniter\Model->insert([...], false)
 8 APPPATH\Controllers\SuperAdmin\CategoryController.php(57): CodeIgniter\BaseModel->save([...])
 9 SYSTEMPATH\CodeIgniter.php(933): App\Controllers\SuperAdmin\CategoryController->store()
10 SYSTEMPATH\CodeIgniter.php(507): CodeIgniter\CodeIgniter->runController(Object(App\Controllers\SuperAdmin\CategoryController))
11 SYSTEMPATH\CodeIgniter.php(354): CodeIgniter\CodeIgniter->handleRequest(null, Object(Config\Cache), false)
12 SYSTEMPATH\Boot.php(363): CodeIgniter\CodeIgniter->run()
13 SYSTEMPATH\Boot.php(68): CodeIgniter\Boot::runCodeIgniter(Object(CodeIgniter\CodeIgniter))
14 FCPATH\index.php(59): CodeIgniter\Boot::bootWeb(Object(Config\Paths))
15 SYSTEMPATH\rewrite.php(44): require_once('C:\\xampp\\htdocs\\Projek_web2\\public\\index.php')
CRITICAL - 2025-11-23 09:45:19 --> [Caused by] mysqli_sql_exception: Unknown column 'description' in 'field list'
in SYSTEMPATH\Database\MySQLi\Connection.php on line 327.
 1 SYSTEMPATH\Database\MySQLi\Connection.php(327): mysqli->query('INSERT INTO `categories` (`name`, `code`, `description`, `status`, `created_at`, `updated_at`) VALUES (\'Pasta\', \'PAS\', \'makanan\', \'aktif\', \'2025-11-23 09:45:19\', \'2025-11-23 09:45:19\')', 0)
 2 SYSTEMPATH\Database\BaseConnection.php(729): CodeIgniter\Database\MySQLi\Connection->execute('INSERT INTO `categories` (`name`, `code`, `description`, `status`, `created_at`, `updated_at`) VALUES (\'Pasta\', \'PAS\', \'makanan\', \'aktif\', \'2025-11-23 09:45:19\', \'2025-11-23 09:45:19\')')
 3 SYSTEMPATH\Database\BaseConnection.php(646): CodeIgniter\Database\BaseConnection->simpleQuery('INSERT INTO `categories` (`name`, `code`, `description`, `status`, `created_at`, `updated_at`) VALUES (\'Pasta\', \'PAS\', \'makanan\', \'aktif\', \'2025-11-23 09:45:19\', \'2025-11-23 09:45:19\')')
 4 SYSTEMPATH\Database\BaseBuilder.php(2345): CodeIgniter\Database\BaseConnection->query('INSERT INTO `categories` (`name`, `code`, `description`, `status`, `created_at`, `updated_at`) VALUES (:name:, :code:, :description:, :status:, :created_at:, :updated_at:)', [...], false)
 5 SYSTEMPATH\Model.php(394): CodeIgniter\Database\BaseBuilder->insert()
 6 SYSTEMPATH\BaseModel.php(838): CodeIgniter\Model->doInsert([...])
 7 SYSTEMPATH\Model.php(797): CodeIgniter\BaseModel->insert([...], false)
 8 SYSTEMPATH\BaseModel.php(751): CodeIgniter\Model->insert([...], false)
 9 APPPATH\Controllers\SuperAdmin\CategoryController.php(57): CodeIgniter\BaseModel->save([...])
10 SYSTEMPATH\CodeIgniter.php(933): App\Controllers\SuperAdmin\CategoryController->store()
11 SYSTEMPATH\CodeIgniter.php(507): CodeIgniter\CodeIgniter->runController(Object(App\Controllers\SuperAdmin\CategoryController))
12 SYSTEMPATH\CodeIgniter.php(354): CodeIgniter\CodeIgniter->handleRequest(null, Object(Config\Cache), false)
13 SYSTEMPATH\Boot.php(363): CodeIgniter\CodeIgniter->run()
14 SYSTEMPATH\Boot.php(68): CodeIgniter\Boot::runCodeIgniter(Object(CodeIgniter\CodeIgniter))
15 FCPATH\index.php(59): CodeIgniter\Boot::bootWeb(Object(Config\Paths))
16 SYSTEMPATH\rewrite.php(44): require_once('C:\\xampp\\htdocs\\Projek_web2\\public\\index.php')
DEBUG - 2025-11-23 09:49:53 --> Session: Class initialized using 'CodeIgniter\Session\Handlers\FileHandler' driver.
DEBUG - 2025-11-23 09:50:02 --> Session: Class initialized using 'CodeIgniter\Session\Handlers\FileHandler' driver.
INFO - 2025-11-23 09:50:12 --> CSRF token verified.
DEBUG - 2025-11-23 09:50:12 --> Session: Class initialized using 'CodeIgniter\Session\Handlers\FileHandler' driver.
CRITICAL - 2025-11-23 09:50:19 --> CodeIgniter\Security\Exceptions\SecurityException: The action you requested is not allowed.
[Method: POST, Route: superadmin/categories/delete/1]
in SYSTEMPATH\Security\Security.php on line 262.
 1 SYSTEMPATH\Security\Security.php(262): CodeIgniter\Security\Exceptions\SecurityException::forDisallowedAction()
 2 SYSTEMPATH\Filters\CSRF.php(52): CodeIgniter\Security\Security->verify(Object(CodeIgniter\HTTP\IncomingRequest))
 3 SYSTEMPATH\Filters\Filters.php(241): CodeIgniter\Filters\CSRF->before(Object(CodeIgniter\HTTP\IncomingRequest), null)
 4 SYSTEMPATH\Filters\Filters.php(221): CodeIgniter\Filters\Filters->runBefore([...])
 5 SYSTEMPATH\CodeIgniter.php(479): CodeIgniter\Filters\Filters->run('superadmin/categories/delete/1', 'before')
 6 SYSTEMPATH\CodeIgniter.php(354): CodeIgniter\CodeIgniter->handleRequest(null, Object(Config\Cache), false)
 7 SYSTEMPATH\Boot.php(363): CodeIgniter\CodeIgniter->run()
 8 SYSTEMPATH\Boot.php(68): CodeIgniter\Boot::runCodeIgniter(Object(CodeIgniter\CodeIgniter))
 9 FCPATH\index.php(59): CodeIgniter\Boot::bootWeb(Object(Config\Paths))
10 SYSTEMPATH\rewrite.php(44): require_once('C:\\xampp\\htdocs\\Projek_web2\\public\\index.php')
DEBUG - 2025-11-23 09:55:23 --> Session: Class initialized using 'CodeIgniter\Session\Handlers\FileHandler' driver.
DEBUG - 2025-11-23 09:55:27 --> Session: Class initialized using 'CodeIgniter\Session\Handlers\FileHandler' driver.
DEBUG - 2025-11-23 10:04:22 --> Session: Class initialized using 'CodeIgniter\Session\Handlers\FileHandler' driver.
DEBUG - 2025-11-23 10:08:27 --> Session: Class initialized using 'CodeIgniter\Session\Handlers\FileHandler' driver.
DEBUG - 2025-11-23 10:27:28 --> Session: Class initialized using 'CodeIgniter\Session\Handlers\FileHandler' driver.
DEBUG - 2025-11-23 11:12:11 --> Session: Class initialized using 'CodeIgniter\Session\Handlers\FileHandler' driver.
DEBUG - 2025-11-23 11:26:58 --> Session: Class initialized using 'CodeIgniter\Session\Handlers\FileHandler' driver.
DEBUG - 2025-11-23 11:44:53 --> Session: Class initialized using 'CodeIgniter\Session\Handlers\FileHandler' driver.
DEBUG - 2025-11-23 12:30:23 --> Session: Class initialized using 'CodeIgniter\Session\Handlers\FileHandler' driver.
DEBUG - 2025-11-23 12:36:14 --> Session: Class initialized using 'CodeIgniter\Session\Handlers\FileHandler' driver.
DEBUG - 2025-11-23 12:36:16 --> Session: Class initialized using 'CodeIgniter\Session\Handlers\FileHandler' driver.
DEBUG - 2025-11-23 12:36:27 --> Session: Class initialized using 'CodeIgniter\Session\Handlers\FileHandler' driver.
DEBUG - 2025-11-23 12:36:38 --> Session: Class initialized using 'CodeIgniter\Session\Handlers\FileHandler' driver.
DEBUG - 2025-11-23 12:38:06 --> Session: Class initialized using 'CodeIgniter\Session\Handlers\FileHandler' driver.
DEBUG - 2025-11-23 12:39:38 --> Session: Class initialized using 'CodeIgniter\Session\Handlers\FileHandler' driver.
ERROR - 2025-11-23 12:46:02 --> mysqli_sql_exception: Table 'db_warungkita.items' doesn't exist in C:\xampp\htdocs\Projek_web2\system\Database\MySQLi\Connection.php:327
Stack trace:
#0 C:\xampp\htdocs\Projek_web2\system\Database\MySQLi\Connection.php(327): mysqli->query('SELECT *\nFROM `...', 0)
#1 C:\xampp\htdocs\Projek_web2\system\Database\BaseConnection.php(729): CodeIgniter\Database\MySQLi\Connection->execute('SELECT *\nFROM `...')
#2 C:\xampp\htdocs\Projek_web2\system\Database\BaseConnection.php(646): CodeIgniter\Database\BaseConnection->simpleQuery('SELECT *\nFROM `...')
#3 C:\xampp\htdocs\Projek_web2\system\Database\BaseBuilder.php(1649): CodeIgniter\Database\BaseConnection->query('SELECT *\nFROM `...', Array, false)
#4 C:\xampp\htdocs\Projek_web2\system\Model.php(286): CodeIgniter\Database\BaseBuilder->get()
#5 C:\xampp\htdocs\Projek_web2\system\BaseModel.php(677): CodeIgniter\Model->doFindAll(0, 0)
#6 C:\xampp\htdocs\Projek_web2\app\Controllers\SuperAdmin\ItemController.php(19): CodeIgniter\BaseModel->findAll()
#7 C:\xampp\htdocs\Projek_web2\system\CodeIgniter.php(933): App\Controllers\SuperAdmin\ItemController->index()
#8 C:\xampp\htdocs\Projek_web2\system\CodeIgniter.php(507): CodeIgniter\CodeIgniter->runController(Object(App\Controllers\SuperAdmin\ItemController))
#9 C:\xampp\htdocs\Projek_web2\system\CodeIgniter.php(354): CodeIgniter\CodeIgniter->handleRequest(NULL, Object(Config\Cache), false)
#10 C:\xampp\htdocs\Projek_web2\system\Boot.php(363): CodeIgniter\CodeIgniter->run()
#11 C:\xampp\htdocs\Projek_web2\system\Boot.php(68): CodeIgniter\Boot::runCodeIgniter(Object(CodeIgniter\CodeIgniter))
#12 C:\xampp\htdocs\Projek_web2\public\index.php(59): CodeIgniter\Boot::bootWeb(Object(Config\Paths))
#13 C:\xampp\htdocs\Projek_web2\system\rewrite.php(44): require_once('C:\\xampp\\htdocs...')
#14 {main}
CRITICAL - 2025-11-23 12:46:02 --> CodeIgniter\Database\Exceptions\DatabaseException: Table 'db_warungkita.items' doesn't exist
[Method: GET, Route: superadmin/items]
in SYSTEMPATH\Database\BaseConnection.php on line 684.
 1 SYSTEMPATH\Database\BaseBuilder.php(1649): CodeIgniter\Database\BaseConnection->query('SELECT *
FROM `items`', [], false)
 2 SYSTEMPATH\Model.php(286): CodeIgniter\Database\BaseBuilder->get()
 3 SYSTEMPATH\BaseModel.php(677): CodeIgniter\Model->doFindAll(0, 0)
 4 APPPATH\Controllers\SuperAdmin\ItemController.php(19): CodeIgniter\BaseModel->findAll()
 5 SYSTEMPATH\CodeIgniter.php(933): App\Controllers\SuperAdmin\ItemController->index()
 6 SYSTEMPATH\CodeIgniter.php(507): CodeIgniter\CodeIgniter->runController(Object(App\Controllers\SuperAdmin\ItemController))
 7 SYSTEMPATH\CodeIgniter.php(354): CodeIgniter\CodeIgniter->handleRequest(null, Object(Config\Cache), false)
 8 SYSTEMPATH\Boot.php(363): CodeIgniter\CodeIgniter->run()
 9 SYSTEMPATH\Boot.php(68): CodeIgniter\Boot::runCodeIgniter(Object(CodeIgniter\CodeIgniter))
10 FCPATH\index.php(59): CodeIgniter\Boot::bootWeb(Object(Config\Paths))
11 SYSTEMPATH\rewrite.php(44): require_once('C:\\xampp\\htdocs\\Projek_web2\\public\\index.php')
CRITICAL - 2025-11-23 12:46:02 --> [Caused by] CodeIgniter\Database\Exceptions\DatabaseException: Table 'db_warungkita.items' doesn't exist
in SYSTEMPATH\Database\MySQLi\Connection.php on line 332.
 1 SYSTEMPATH\Database\BaseConnection.php(729): CodeIgniter\Database\MySQLi\Connection->execute('SELECT *
FROM `items`')
 2 SYSTEMPATH\Database\BaseConnection.php(646): CodeIgniter\Database\BaseConnection->simpleQuery('SELECT *
FROM `items`')
 3 SYSTEMPATH\Database\BaseBuilder.php(1649): CodeIgniter\Database\BaseConnection->query('SELECT *
FROM `items`', [], false)
 4 SYSTEMPATH\Model.php(286): CodeIgniter\Database\BaseBuilder->get()
 5 SYSTEMPATH\BaseModel.php(677): CodeIgniter\Model->doFindAll(0, 0)
 6 APPPATH\Controllers\SuperAdmin\ItemController.php(19): CodeIgniter\BaseModel->findAll()
 7 SYSTEMPATH\CodeIgniter.php(933): App\Controllers\SuperAdmin\ItemController->index()
 8 SYSTEMPATH\CodeIgniter.php(507): CodeIgniter\CodeIgniter->runController(Object(App\Controllers\SuperAdmin\ItemController))
 9 SYSTEMPATH\CodeIgniter.php(354): CodeIgniter\CodeIgniter->handleRequest(null, Object(Config\Cache), false)
10 SYSTEMPATH\Boot.php(363): CodeIgniter\CodeIgniter->run()
11 SYSTEMPATH\Boot.php(68): CodeIgniter\Boot::runCodeIgniter(Object(CodeIgniter\CodeIgniter))
12 FCPATH\index.php(59): CodeIgniter\Boot::bootWeb(Object(Config\Paths))
13 SYSTEMPATH\rewrite.php(44): require_once('C:\\xampp\\htdocs\\Projek_web2\\public\\index.php')
CRITICAL - 2025-11-23 12:46:02 --> [Caused by] mysqli_sql_exception: Table 'db_warungkita.items' doesn't exist
in SYSTEMPATH\Database\MySQLi\Connection.php on line 327.
 1 SYSTEMPATH\Database\MySQLi\Connection.php(327): mysqli->query('SELECT *
FROM `items`', 0)
 2 SYSTEMPATH\Database\BaseConnection.php(729): CodeIgniter\Database\MySQLi\Connection->execute('SELECT *
FROM `items`')
 3 SYSTEMPATH\Database\BaseConnection.php(646): CodeIgniter\Database\BaseConnection->simpleQuery('SELECT *
FROM `items`')
 4 SYSTEMPATH\Database\BaseBuilder.php(1649): CodeIgniter\Database\BaseConnection->query('SELECT *
FROM `items`', [], false)
 5 SYSTEMPATH\Model.php(286): CodeIgniter\Database\BaseBuilder->get()
 6 SYSTEMPATH\BaseModel.php(677): CodeIgniter\Model->doFindAll(0, 0)
 7 APPPATH\Controllers\SuperAdmin\ItemController.php(19): CodeIgniter\BaseModel->findAll()
 8 SYSTEMPATH\CodeIgniter.php(933): App\Controllers\SuperAdmin\ItemController->index()
 9 SYSTEMPATH\CodeIgniter.php(507): CodeIgniter\CodeIgniter->runController(Object(App\Controllers\SuperAdmin\ItemController))
10 SYSTEMPATH\CodeIgniter.php(354): CodeIgniter\CodeIgniter->handleRequest(null, Object(Config\Cache), false)
11 SYSTEMPATH\Boot.php(363): CodeIgniter\CodeIgniter->run()
12 SYSTEMPATH\Boot.php(68): CodeIgniter\Boot::runCodeIgniter(Object(CodeIgniter\CodeIgniter))
13 FCPATH\index.php(59): CodeIgniter\Boot::bootWeb(Object(Config\Paths))
14 SYSTEMPATH\rewrite.php(44): require_once('C:\\xampp\\htdocs\\Projek_web2\\public\\index.php')
DEBUG - 2025-11-23 12:52:18 --> Session: Class initialized using 'CodeIgniter\Session\Handlers\FileHandler' driver.
DEBUG - 2025-11-23 13:03:50 --> Session: Class initialized using 'CodeIgniter\Session\Handlers\FileHandler' driver.
DEBUG - 2025-11-23 13:35:35 --> Session: Class initialized using 'CodeIgniter\Session\Handlers\FileHandler' driver.
DEBUG - 2025-11-23 13:37:44 --> Session: Class initialized using 'CodeIgniter\Session\Handlers\FileHandler' driver.
ERROR - 2025-11-23 13:40:21 --> mysqli_sql_exception: Unknown column 'stock' in 'where clause' in C:\xampp\htdocs\Projek_web2\system\Database\MySQLi\Connection.php:327
Stack trace:
#0 C:\xampp\htdocs\Projek_web2\system\Database\MySQLi\Connection.php(327): mysqli->query('SELECT COUNT(*)...', 0)
#1 C:\xampp\htdocs\Projek_web2\system\Database\BaseConnection.php(729): CodeIgniter\Database\MySQLi\Connection->execute('SELECT COUNT(*)...')
#2 C:\xampp\htdocs\Projek_web2\system\Database\BaseConnection.php(646): CodeIgniter\Database\BaseConnection->simpleQuery('SELECT COUNT(*)...')
#3 C:\xampp\htdocs\Projek_web2\system\Database\BaseBuilder.php(1733): CodeIgniter\Database\BaseConnection->query('SELECT COUNT(*)...', Array, false)
#4 C:\xampp\htdocs\Projek_web2\system\Model.php(675): CodeIgniter\Database\BaseBuilder->countAllResults(true)
#5 C:\xampp\htdocs\Projek_web2\app\Controllers\SuperAdmin\StockReportController.php(24): CodeIgniter\Model->countAllResults()
#6 C:\xampp\htdocs\Projek_web2\system\CodeIgniter.php(933): App\Controllers\SuperAdmin\StockReportController->index()
#7 C:\xampp\htdocs\Projek_web2\system\CodeIgniter.php(507): CodeIgniter\CodeIgniter->runController(Object(App\Controllers\SuperAdmin\StockReportController))
#8 C:\xampp\htdocs\Projek_web2\system\CodeIgniter.php(354): CodeIgniter\CodeIgniter->handleRequest(NULL, Object(Config\Cache), false)
#9 C:\xampp\htdocs\Projek_web2\system\Boot.php(363): CodeIgniter\CodeIgniter->run()
#10 C:\xampp\htdocs\Projek_web2\system\Boot.php(68): CodeIgniter\Boot::runCodeIgniter(Object(CodeIgniter\CodeIgniter))
#11 C:\xampp\htdocs\Projek_web2\public\index.php(59): CodeIgniter\Boot::bootWeb(Object(Config\Paths))
#12 C:\xampp\htdocs\Projek_web2\system\rewrite.php(44): require_once('C:\\xampp\\htdocs...')
#13 {main}
CRITICAL - 2025-11-23 13:40:21 --> CodeIgniter\Database\Exceptions\DatabaseException: Unknown column 'stock' in 'where clause'
[Method: GET, Route: superadmin/stok/laporan]
in SYSTEMPATH\Database\BaseConnection.php on line 684.
 1 SYSTEMPATH\Database\BaseBuilder.php(1733): CodeIgniter\Database\BaseConnection->query('SELECT COUNT(*) AS `numrows`
FROM `items`
WHERE `stock` < :stock:
AND `stock` > :stock.1:', [...], false)
 2 SYSTEMPATH\Model.php(675): CodeIgniter\Database\BaseBuilder->countAllResults(true)
 3 APPPATH\Controllers\SuperAdmin\StockReportController.php(24): CodeIgniter\Model->countAllResults()
 4 SYSTEMPATH\CodeIgniter.php(933): App\Controllers\SuperAdmin\StockReportController->index()
 5 SYSTEMPATH\CodeIgniter.php(507): CodeIgniter\CodeIgniter->runController(Object(App\Controllers\SuperAdmin\StockReportController))
 6 SYSTEMPATH\CodeIgniter.php(354): CodeIgniter\CodeIgniter->handleRequest(null, Object(Config\Cache), false)
 7 SYSTEMPATH\Boot.php(363): CodeIgniter\CodeIgniter->run()
 8 SYSTEMPATH\Boot.php(68): CodeIgniter\Boot::runCodeIgniter(Object(CodeIgniter\CodeIgniter))
 9 FCPATH\index.php(59): CodeIgniter\Boot::bootWeb(Object(Config\Paths))
10 SYSTEMPATH\rewrite.php(44): require_once('C:\\xampp\\htdocs\\Projek_web2\\public\\index.php')
CRITICAL - 2025-11-23 13:40:21 --> [Caused by] CodeIgniter\Database\Exceptions\DatabaseException: Unknown column 'stock' in 'where clause'
in SYSTEMPATH\Database\MySQLi\Connection.php on line 332.
 1 SYSTEMPATH\Database\BaseConnection.php(729): CodeIgniter\Database\MySQLi\Connection->execute('SELECT COUNT(*) AS `numrows`
FROM `items`
WHERE `stock` < 10
AND `stock` > 0')
 2 SYSTEMPATH\Database\BaseConnection.php(646): CodeIgniter\Database\BaseConnection->simpleQuery('SELECT COUNT(*) AS `numrows`
FROM `items`
WHERE `stock` < 10
AND `stock` > 0')
 3 SYSTEMPATH\Database\BaseBuilder.php(1733): CodeIgniter\Database\BaseConnection->query('SELECT COUNT(*) AS `numrows`
FROM `items`
WHERE `stock` < :stock:
AND `stock` > :stock.1:', [...], false)
 4 SYSTEMPATH\Model.php(675): CodeIgniter\Database\BaseBuilder->countAllResults(true)
 5 APPPATH\Controllers\SuperAdmin\StockReportController.php(24): CodeIgniter\Model->countAllResults()
 6 SYSTEMPATH\CodeIgniter.php(933): App\Controllers\SuperAdmin\StockReportController->index()
 7 SYSTEMPATH\CodeIgniter.php(507): CodeIgniter\CodeIgniter->runController(Object(App\Controllers\SuperAdmin\StockReportController))
 8 SYSTEMPATH\CodeIgniter.php(354): CodeIgniter\CodeIgniter->handleRequest(null, Object(Config\Cache), false)
 9 SYSTEMPATH\Boot.php(363): CodeIgniter\CodeIgniter->run()
10 SYSTEMPATH\Boot.php(68): CodeIgniter\Boot::runCodeIgniter(Object(CodeIgniter\CodeIgniter))
11 FCPATH\index.php(59): CodeIgniter\Boot::bootWeb(Object(Config\Paths))
12 SYSTEMPATH\rewrite.php(44): require_once('C:\\xampp\\htdocs\\Projek_web2\\public\\index.php')
CRITICAL - 2025-11-23 13:40:21 --> [Caused by] mysqli_sql_exception: Unknown column 'stock' in 'where clause'
in SYSTEMPATH\Database\MySQLi\Connection.php on line 327.
 1 SYSTEMPATH\Database\MySQLi\Connection.php(327): mysqli->query('SELECT COUNT(*) AS `numrows`
FROM `items`
WHERE `stock` < 10
AND `stock` > 0', 0)
 2 SYSTEMPATH\Database\BaseConnection.php(729): CodeIgniter\Database\MySQLi\Connection->execute('SELECT COUNT(*) AS `numrows`
FROM `items`
WHERE `stock` < 10
AND `stock` > 0')
 3 SYSTEMPATH\Database\BaseConnection.php(646): CodeIgniter\Database\BaseConnection->simpleQuery('SELECT COUNT(*) AS `numrows`
FROM `items`
WHERE `stock` < 10
AND `stock` > 0')
 4 SYSTEMPATH\Database\BaseBuilder.php(1733): CodeIgniter\Database\BaseConnection->query('SELECT COUNT(*) AS `numrows`
FROM `items`
WHERE `stock` < :stock:
AND `stock` > :stock.1:', [...], false)
 5 SYSTEMPATH\Model.php(675): CodeIgniter\Database\BaseBuilder->countAllResults(true)
 6 APPPATH\Controllers\SuperAdmin\StockReportController.php(24): CodeIgniter\Model->countAllResults()
 7 SYSTEMPATH\CodeIgniter.php(933): App\Controllers\SuperAdmin\StockReportController->index()
 8 SYSTEMPATH\CodeIgniter.php(507): CodeIgniter\CodeIgniter->runController(Object(App\Controllers\SuperAdmin\StockReportController))
 9 SYSTEMPATH\CodeIgniter.php(354): CodeIgniter\CodeIgniter->handleRequest(null, Object(Config\Cache), false)
10 SYSTEMPATH\Boot.php(363): CodeIgniter\CodeIgniter->run()
11 SYSTEMPATH\Boot.php(68): CodeIgniter\Boot::runCodeIgniter(Object(CodeIgniter\CodeIgniter))
12 FCPATH\index.php(59): CodeIgniter\Boot::bootWeb(Object(Config\Paths))
13 SYSTEMPATH\rewrite.php(44): require_once('C:\\xampp\\htdocs\\Projek_web2\\public\\index.php')
ERROR - 2025-11-23 13:45:10 --> mysqli_sql_exception: Unknown column 'stock' in 'where clause' in C:\xampp\htdocs\Projek_web2\system\Database\MySQLi\Connection.php:327
Stack trace:
#0 C:\xampp\htdocs\Projek_web2\system\Database\MySQLi\Connection.php(327): mysqli->query('SELECT COUNT(*)...', 0)
#1 C:\xampp\htdocs\Projek_web2\system\Database\BaseConnection.php(729): CodeIgniter\Database\MySQLi\Connection->execute('SELECT COUNT(*)...')
#2 C:\xampp\htdocs\Projek_web2\system\Database\BaseConnection.php(646): CodeIgniter\Database\BaseConnection->simpleQuery('SELECT COUNT(*)...')
#3 C:\xampp\htdocs\Projek_web2\system\Database\BaseBuilder.php(1733): CodeIgniter\Database\BaseConnection->query('SELECT COUNT(*)...', Array, false)
#4 C:\xampp\htdocs\Projek_web2\system\Model.php(675): CodeIgniter\Database\BaseBuilder->countAllResults(true)
#5 C:\xampp\htdocs\Projek_web2\app\Controllers\SuperAdmin\StockReportController.php(24): CodeIgniter\Model->countAllResults()
#6 C:\xampp\htdocs\Projek_web2\system\CodeIgniter.php(933): App\Controllers\SuperAdmin\StockReportController->index()
#7 C:\xampp\htdocs\Projek_web2\system\CodeIgniter.php(507): CodeIgniter\CodeIgniter->runController(Object(App\Controllers\SuperAdmin\StockReportController))
#8 C:\xampp\htdocs\Projek_web2\system\CodeIgniter.php(354): CodeIgniter\CodeIgniter->handleRequest(NULL, Object(Config\Cache), false)
#9 C:\xampp\htdocs\Projek_web2\system\Boot.php(363): CodeIgniter\CodeIgniter->run()
#10 C:\xampp\htdocs\Projek_web2\system\Boot.php(68): CodeIgniter\Boot::runCodeIgniter(Object(CodeIgniter\CodeIgniter))
#11 C:\xampp\htdocs\Projek_web2\public\index.php(59): CodeIgniter\Boot::bootWeb(Object(Config\Paths))
#12 C:\xampp\htdocs\Projek_web2\system\rewrite.php(44): require_once('C:\\xampp\\htdocs...')
#13 {main}
CRITICAL - 2025-11-23 13:45:10 --> CodeIgniter\Database\Exceptions\DatabaseException: Unknown column 'stock' in 'where clause'
[Method: GET, Route: superadmin/stok/laporan]
in SYSTEMPATH\Database\BaseConnection.php on line 684.
 1 SYSTEMPATH\Database\BaseBuilder.php(1733): CodeIgniter\Database\BaseConnection->query('SELECT COUNT(*) AS `numrows`
FROM `items`
WHERE `stock` < :stock:
AND `stock` > :stock.1:', [...], false)
 2 SYSTEMPATH\Model.php(675): CodeIgniter\Database\BaseBuilder->countAllResults(true)
 3 APPPATH\Controllers\SuperAdmin\StockReportController.php(24): CodeIgniter\Model->countAllResults()
 4 SYSTEMPATH\CodeIgniter.php(933): App\Controllers\SuperAdmin\StockReportController->index()
 5 SYSTEMPATH\CodeIgniter.php(507): CodeIgniter\CodeIgniter->runController(Object(App\Controllers\SuperAdmin\StockReportController))
 6 SYSTEMPATH\CodeIgniter.php(354): CodeIgniter\CodeIgniter->handleRequest(null, Object(Config\Cache), false)
 7 SYSTEMPATH\Boot.php(363): CodeIgniter\CodeIgniter->run()
 8 SYSTEMPATH\Boot.php(68): CodeIgniter\Boot::runCodeIgniter(Object(CodeIgniter\CodeIgniter))
 9 FCPATH\index.php(59): CodeIgniter\Boot::bootWeb(Object(Config\Paths))
10 SYSTEMPATH\rewrite.php(44): require_once('C:\\xampp\\htdocs\\Projek_web2\\public\\index.php')
CRITICAL - 2025-11-23 13:45:10 --> [Caused by] CodeIgniter\Database\Exceptions\DatabaseException: Unknown column 'stock' in 'where clause'
in SYSTEMPATH\Database\MySQLi\Connection.php on line 332.
 1 SYSTEMPATH\Database\BaseConnection.php(729): CodeIgniter\Database\MySQLi\Connection->execute('SELECT COUNT(*) AS `numrows`
FROM `items`
WHERE `stock` < 10
AND `stock` > 0')
 2 SYSTEMPATH\Database\BaseConnection.php(646): CodeIgniter\Database\BaseConnection->simpleQuery('SELECT COUNT(*) AS `numrows`
FROM `items`
WHERE `stock` < 10
AND `stock` > 0')
 3 SYSTEMPATH\Database\BaseBuilder.php(1733): CodeIgniter\Database\BaseConnection->query('SELECT COUNT(*) AS `numrows`
FROM `items`
WHERE `stock` < :stock:
AND `stock` > :stock.1:', [...], false)
 4 SYSTEMPATH\Model.php(675): CodeIgniter\Database\BaseBuilder->countAllResults(true)
 5 APPPATH\Controllers\SuperAdmin\StockReportController.php(24): CodeIgniter\Model->countAllResults()
 6 SYSTEMPATH\CodeIgniter.php(933): App\Controllers\SuperAdmin\StockReportController->index()
 7 SYSTEMPATH\CodeIgniter.php(507): CodeIgniter\CodeIgniter->runController(Object(App\Controllers\SuperAdmin\StockReportController))
 8 SYSTEMPATH\CodeIgniter.php(354): CodeIgniter\CodeIgniter->handleRequest(null, Object(Config\Cache), false)
 9 SYSTEMPATH\Boot.php(363): CodeIgniter\CodeIgniter->run()
10 SYSTEMPATH\Boot.php(68): CodeIgniter\Boot::runCodeIgniter(Object(CodeIgniter\CodeIgniter))
11 FCPATH\index.php(59): CodeIgniter\Boot::bootWeb(Object(Config\Paths))
12 SYSTEMPATH\rewrite.php(44): require_once('C:\\xampp\\htdocs\\Projek_web2\\public\\index.php')
CRITICAL - 2025-11-23 13:45:10 --> [Caused by] mysqli_sql_exception: Unknown column 'stock' in 'where clause'
in SYSTEMPATH\Database\MySQLi\Connection.php on line 327.
 1 SYSTEMPATH\Database\MySQLi\Connection.php(327): mysqli->query('SELECT COUNT(*) AS `numrows`
FROM `items`
WHERE `stock` < 10
AND `stock` > 0', 0)
 2 SYSTEMPATH\Database\BaseConnection.php(729): CodeIgniter\Database\MySQLi\Connection->execute('SELECT COUNT(*) AS `numrows`
FROM `items`
WHERE `stock` < 10
AND `stock` > 0')
 3 SYSTEMPATH\Database\BaseConnection.php(646): CodeIgniter\Database\BaseConnection->simpleQuery('SELECT COUNT(*) AS `numrows`
FROM `items`
WHERE `stock` < 10
AND `stock` > 0')
 4 SYSTEMPATH\Database\BaseBuilder.php(1733): CodeIgniter\Database\BaseConnection->query('SELECT COUNT(*) AS `numrows`
FROM `items`
WHERE `stock` < :stock:
AND `stock` > :stock.1:', [...], false)
 5 SYSTEMPATH\Model.php(675): CodeIgniter\Database\BaseBuilder->countAllResults(true)
 6 APPPATH\Controllers\SuperAdmin\StockReportController.php(24): CodeIgniter\Model->countAllResults()
 7 SYSTEMPATH\CodeIgniter.php(933): App\Controllers\SuperAdmin\StockReportController->index()
 8 SYSTEMPATH\CodeIgniter.php(507): CodeIgniter\CodeIgniter->runController(Object(App\Controllers\SuperAdmin\StockReportController))
 9 SYSTEMPATH\CodeIgniter.php(354): CodeIgniter\CodeIgniter->handleRequest(null, Object(Config\Cache), false)
10 SYSTEMPATH\Boot.php(363): CodeIgniter\CodeIgniter->run()
11 SYSTEMPATH\Boot.php(68): CodeIgniter\Boot::runCodeIgniter(Object(CodeIgniter\CodeIgniter))
12 FCPATH\index.php(59): CodeIgniter\Boot::bootWeb(Object(Config\Paths))
13 SYSTEMPATH\rewrite.php(44): require_once('C:\\xampp\\htdocs\\Projek_web2\\public\\index.php')
DEBUG - 2025-11-23 13:45:26 --> Session: Class initialized using 'CodeIgniter\Session\Handlers\FileHandler' driver.
ERROR - 2025-11-23 13:49:56 --> mysqli_sql_exception: Unknown column 'stock' in 'where clause' in C:\xampp\htdocs\Projek_web2\system\Database\MySQLi\Connection.php:327
Stack trace:
#0 C:\xampp\htdocs\Projek_web2\system\Database\MySQLi\Connection.php(327): mysqli->query('SELECT COUNT(*)...', 0)
#1 C:\xampp\htdocs\Projek_web2\system\Database\BaseConnection.php(729): CodeIgniter\Database\MySQLi\Connection->execute('SELECT COUNT(*)...')
#2 C:\xampp\htdocs\Projek_web2\system\Database\BaseConnection.php(646): CodeIgniter\Database\BaseConnection->simpleQuery('SELECT COUNT(*)...')
#3 C:\xampp\htdocs\Projek_web2\system\Database\BaseBuilder.php(1733): CodeIgniter\Database\BaseConnection->query('SELECT COUNT(*)...', Array, false)
#4 C:\xampp\htdocs\Projek_web2\system\Model.php(675): CodeIgniter\Database\BaseBuilder->countAllResults(true)
#5 C:\xampp\htdocs\Projek_web2\app\Controllers\SuperAdmin\StockReportController.php(24): CodeIgniter\Model->countAllResults()
#6 C:\xampp\htdocs\Projek_web2\system\CodeIgniter.php(933): App\Controllers\SuperAdmin\StockReportController->index()
#7 C:\xampp\htdocs\Projek_web2\system\CodeIgniter.php(507): CodeIgniter\CodeIgniter->runController(Object(App\Controllers\SuperAdmin\StockReportController))
#8 C:\xampp\htdocs\Projek_web2\system\CodeIgniter.php(354): CodeIgniter\CodeIgniter->handleRequest(NULL, Object(Config\Cache), false)
#9 C:\xampp\htdocs\Projek_web2\system\Boot.php(363): CodeIgniter\CodeIgniter->run()
#10 C:\xampp\htdocs\Projek_web2\system\Boot.php(68): CodeIgniter\Boot::runCodeIgniter(Object(CodeIgniter\CodeIgniter))
#11 C:\xampp\htdocs\Projek_web2\public\index.php(59): CodeIgniter\Boot::bootWeb(Object(Config\Paths))
#12 C:\xampp\htdocs\Projek_web2\system\rewrite.php(44): require_once('C:\\xampp\\htdocs...')
#13 {main}
CRITICAL - 2025-11-23 13:49:56 --> CodeIgniter\Database\Exceptions\DatabaseException: Unknown column 'stock' in 'where clause'
[Method: GET, Route: superadmin/stok/laporan]
in SYSTEMPATH\Database\BaseConnection.php on line 684.
 1 SYSTEMPATH\Database\BaseBuilder.php(1733): CodeIgniter\Database\BaseConnection->query('SELECT COUNT(*) AS `numrows`
FROM `items`
WHERE `stock` < :stock:
AND `stock` > :stock.1:', [...], false)
 2 SYSTEMPATH\Model.php(675): CodeIgniter\Database\BaseBuilder->countAllResults(true)
 3 APPPATH\Controllers\SuperAdmin\StockReportController.php(24): CodeIgniter\Model->countAllResults()
 4 SYSTEMPATH\CodeIgniter.php(933): App\Controllers\SuperAdmin\StockReportController->index()
 5 SYSTEMPATH\CodeIgniter.php(507): CodeIgniter\CodeIgniter->runController(Object(App\Controllers\SuperAdmin\StockReportController))
 6 SYSTEMPATH\CodeIgniter.php(354): CodeIgniter\CodeIgniter->handleRequest(null, Object(Config\Cache), false)
 7 SYSTEMPATH\Boot.php(363): CodeIgniter\CodeIgniter->run()
 8 SYSTEMPATH\Boot.php(68): CodeIgniter\Boot::runCodeIgniter(Object(CodeIgniter\CodeIgniter))
 9 FCPATH\index.php(59): CodeIgniter\Boot::bootWeb(Object(Config\Paths))
10 SYSTEMPATH\rewrite.php(44): require_once('C:\\xampp\\htdocs\\Projek_web2\\public\\index.php')
CRITICAL - 2025-11-23 13:49:56 --> [Caused by] CodeIgniter\Database\Exceptions\DatabaseException: Unknown column 'stock' in 'where clause'
in SYSTEMPATH\Database\MySQLi\Connection.php on line 332.
 1 SYSTEMPATH\Database\BaseConnection.php(729): CodeIgniter\Database\MySQLi\Connection->execute('SELECT COUNT(*) AS `numrows`
FROM `items`
WHERE `stock` < 10
AND `stock` > 0')
 2 SYSTEMPATH\Database\BaseConnection.php(646): CodeIgniter\Database\BaseConnection->simpleQuery('SELECT COUNT(*) AS `numrows`
FROM `items`
WHERE `stock` < 10
AND `stock` > 0')
 3 SYSTEMPATH\Database\BaseBuilder.php(1733): CodeIgniter\Database\BaseConnection->query('SELECT COUNT(*) AS `numrows`
FROM `items`
WHERE `stock` < :stock:
AND `stock` > :stock.1:', [...], false)
 4 SYSTEMPATH\Model.php(675): CodeIgniter\Database\BaseBuilder->countAllResults(true)
 5 APPPATH\Controllers\SuperAdmin\StockReportController.php(24): CodeIgniter\Model->countAllResults()
 6 SYSTEMPATH\CodeIgniter.php(933): App\Controllers\SuperAdmin\StockReportController->index()
 7 SYSTEMPATH\CodeIgniter.php(507): CodeIgniter\CodeIgniter->runController(Object(App\Controllers\SuperAdmin\StockReportController))
 8 SYSTEMPATH\CodeIgniter.php(354): CodeIgniter\CodeIgniter->handleRequest(null, Object(Config\Cache), false)
 9 SYSTEMPATH\Boot.php(363): CodeIgniter\CodeIgniter->run()
10 SYSTEMPATH\Boot.php(68): CodeIgniter\Boot::runCodeIgniter(Object(CodeIgniter\CodeIgniter))
11 FCPATH\index.php(59): CodeIgniter\Boot::bootWeb(Object(Config\Paths))
12 SYSTEMPATH\rewrite.php(44): require_once('C:\\xampp\\htdocs\\Projek_web2\\public\\index.php')
CRITICAL - 2025-11-23 13:49:56 --> [Caused by] mysqli_sql_exception: Unknown column 'stock' in 'where clause'
in SYSTEMPATH\Database\MySQLi\Connection.php on line 327.
 1 SYSTEMPATH\Database\MySQLi\Connection.php(327): mysqli->query('SELECT COUNT(*) AS `numrows`
FROM `items`
WHERE `stock` < 10
AND `stock` > 0', 0)
 2 SYSTEMPATH\Database\BaseConnection.php(729): CodeIgniter\Database\MySQLi\Connection->execute('SELECT COUNT(*) AS `numrows`
FROM `items`
WHERE `stock` < 10
AND `stock` > 0')
 3 SYSTEMPATH\Database\BaseConnection.php(646): CodeIgniter\Database\BaseConnection->simpleQuery('SELECT COUNT(*) AS `numrows`
FROM `items`
WHERE `stock` < 10
AND `stock` > 0')
 4 SYSTEMPATH\Database\BaseBuilder.php(1733): CodeIgniter\Database\BaseConnection->query('SELECT COUNT(*) AS `numrows`
FROM `items`
WHERE `stock` < :stock:
AND `stock` > :stock.1:', [...], false)
 5 SYSTEMPATH\Model.php(675): CodeIgniter\Database\BaseBuilder->countAllResults(true)
 6 APPPATH\Controllers\SuperAdmin\StockReportController.php(24): CodeIgniter\Model->countAllResults()
 7 SYSTEMPATH\CodeIgniter.php(933): App\Controllers\SuperAdmin\StockReportController->index()
 8 SYSTEMPATH\CodeIgniter.php(507): CodeIgniter\CodeIgniter->runController(Object(App\Controllers\SuperAdmin\StockReportController))
 9 SYSTEMPATH\CodeIgniter.php(354): CodeIgniter\CodeIgniter->handleRequest(null, Object(Config\Cache), false)
10 SYSTEMPATH\Boot.php(363): CodeIgniter\CodeIgniter->run()
11 SYSTEMPATH\Boot.php(68): CodeIgniter\Boot::runCodeIgniter(Object(CodeIgniter\CodeIgniter))
12 FCPATH\index.php(59): CodeIgniter\Boot::bootWeb(Object(Config\Paths))
13 SYSTEMPATH\rewrite.php(44): require_once('C:\\xampp\\htdocs\\Projek_web2\\public\\index.php')
ERROR - 2025-11-23 13:52:32 --> mysqli_sql_exception: Unknown column 'stock' in 'where clause' in C:\xampp\htdocs\Projek_web2\system\Database\MySQLi\Connection.php:327
Stack trace:
#0 C:\xampp\htdocs\Projek_web2\system\Database\MySQLi\Connection.php(327): mysqli->query('SELECT COUNT(*)...', 0)
#1 C:\xampp\htdocs\Projek_web2\system\Database\BaseConnection.php(729): CodeIgniter\Database\MySQLi\Connection->execute('SELECT COUNT(*)...')
#2 C:\xampp\htdocs\Projek_web2\system\Database\BaseConnection.php(646): CodeIgniter\Database\BaseConnection->simpleQuery('SELECT COUNT(*)...')
#3 C:\xampp\htdocs\Projek_web2\system\Database\BaseBuilder.php(1733): CodeIgniter\Database\BaseConnection->query('SELECT COUNT(*)...', Array, false)
#4 C:\xampp\htdocs\Projek_web2\system\Model.php(675): CodeIgniter\Database\BaseBuilder->countAllResults(true)
#5 C:\xampp\htdocs\Projek_web2\app\Controllers\SuperAdmin\StockReportController.php(24): CodeIgniter\Model->countAllResults()
#6 C:\xampp\htdocs\Projek_web2\system\CodeIgniter.php(933): App\Controllers\SuperAdmin\StockReportController->index()
#7 C:\xampp\htdocs\Projek_web2\system\CodeIgniter.php(507): CodeIgniter\CodeIgniter->runController(Object(App\Controllers\SuperAdmin\StockReportController))
#8 C:\xampp\htdocs\Projek_web2\system\CodeIgniter.php(354): CodeIgniter\CodeIgniter->handleRequest(NULL, Object(Config\Cache), false)
#9 C:\xampp\htdocs\Projek_web2\system\Boot.php(363): CodeIgniter\CodeIgniter->run()
#10 C:\xampp\htdocs\Projek_web2\system\Boot.php(68): CodeIgniter\Boot::runCodeIgniter(Object(CodeIgniter\CodeIgniter))
#11 C:\xampp\htdocs\Projek_web2\public\index.php(59): CodeIgniter\Boot::bootWeb(Object(Config\Paths))
#12 C:\xampp\htdocs\Projek_web2\system\rewrite.php(44): require_once('C:\\xampp\\htdocs...')
#13 {main}
CRITICAL - 2025-11-23 13:52:32 --> CodeIgniter\Database\Exceptions\DatabaseException: Unknown column 'stock' in 'where clause'
[Method: GET, Route: superadmin/stok/laporan]
in SYSTEMPATH\Database\BaseConnection.php on line 684.
 1 SYSTEMPATH\Database\BaseBuilder.php(1733): CodeIgniter\Database\BaseConnection->query('SELECT COUNT(*) AS `numrows`
FROM `items`
WHERE `stock` < :stock:
AND `stock` > :stock.1:', [...], false)
 2 SYSTEMPATH\Model.php(675): CodeIgniter\Database\BaseBuilder->countAllResults(true)
 3 APPPATH\Controllers\SuperAdmin\StockReportController.php(24): CodeIgniter\Model->countAllResults()
 4 SYSTEMPATH\CodeIgniter.php(933): App\Controllers\SuperAdmin\StockReportController->index()
 5 SYSTEMPATH\CodeIgniter.php(507): CodeIgniter\CodeIgniter->runController(Object(App\Controllers\SuperAdmin\StockReportController))
 6 SYSTEMPATH\CodeIgniter.php(354): CodeIgniter\CodeIgniter->handleRequest(null, Object(Config\Cache), false)
 7 SYSTEMPATH\Boot.php(363): CodeIgniter\CodeIgniter->run()
 8 SYSTEMPATH\Boot.php(68): CodeIgniter\Boot::runCodeIgniter(Object(CodeIgniter\CodeIgniter))
 9 FCPATH\index.php(59): CodeIgniter\Boot::bootWeb(Object(Config\Paths))
10 SYSTEMPATH\rewrite.php(44): require_once('C:\\xampp\\htdocs\\Projek_web2\\public\\index.php')
CRITICAL - 2025-11-23 13:52:32 --> [Caused by] CodeIgniter\Database\Exceptions\DatabaseException: Unknown column 'stock' in 'where clause'
in SYSTEMPATH\Database\MySQLi\Connection.php on line 332.
 1 SYSTEMPATH\Database\BaseConnection.php(729): CodeIgniter\Database\MySQLi\Connection->execute('SELECT COUNT(*) AS `numrows`
FROM `items`
WHERE `stock` < 10
AND `stock` > 0')
 2 SYSTEMPATH\Database\BaseConnection.php(646): CodeIgniter\Database\BaseConnection->simpleQuery('SELECT COUNT(*) AS `numrows`
FROM `items`
WHERE `stock` < 10
AND `stock` > 0')
 3 SYSTEMPATH\Database\BaseBuilder.php(1733): CodeIgniter\Database\BaseConnection->query('SELECT COUNT(*) AS `numrows`
FROM `items`
WHERE `stock` < :stock:
AND `stock` > :stock.1:', [...], false)
 4 SYSTEMPATH\Model.php(675): CodeIgniter\Database\BaseBuilder->countAllResults(true)
 5 APPPATH\Controllers\SuperAdmin\StockReportController.php(24): CodeIgniter\Model->countAllResults()
 6 SYSTEMPATH\CodeIgniter.php(933): App\Controllers\SuperAdmin\StockReportController->index()
 7 SYSTEMPATH\CodeIgniter.php(507): CodeIgniter\CodeIgniter->runController(Object(App\Controllers\SuperAdmin\StockReportController))
 8 SYSTEMPATH\CodeIgniter.php(354): CodeIgniter\CodeIgniter->handleRequest(null, Object(Config\Cache), false)
 9 SYSTEMPATH\Boot.php(363): CodeIgniter\CodeIgniter->run()
10 SYSTEMPATH\Boot.php(68): CodeIgniter\Boot::runCodeIgniter(Object(CodeIgniter\CodeIgniter))
11 FCPATH\index.php(59): CodeIgniter\Boot::bootWeb(Object(Config\Paths))
12 SYSTEMPATH\rewrite.php(44): require_once('C:\\xampp\\htdocs\\Projek_web2\\public\\index.php')
CRITICAL - 2025-11-23 13:52:32 --> [Caused by] mysqli_sql_exception: Unknown column 'stock' in 'where clause'
in SYSTEMPATH\Database\MySQLi\Connection.php on line 327.
 1 SYSTEMPATH\Database\MySQLi\Connection.php(327): mysqli->query('SELECT COUNT(*) AS `numrows`
FROM `items`
WHERE `stock` < 10
AND `stock` > 0', 0)
 2 SYSTEMPATH\Database\BaseConnection.php(729): CodeIgniter\Database\MySQLi\Connection->execute('SELECT COUNT(*) AS `numrows`
FROM `items`
WHERE `stock` < 10
AND `stock` > 0')
 3 SYSTEMPATH\Database\BaseConnection.php(646): CodeIgniter\Database\BaseConnection->simpleQuery('SELECT COUNT(*) AS `numrows`
FROM `items`
WHERE `stock` < 10
AND `stock` > 0')
 4 SYSTEMPATH\Database\BaseBuilder.php(1733): CodeIgniter\Database\BaseConnection->query('SELECT COUNT(*) AS `numrows`
FROM `items`
WHERE `stock` < :stock:
AND `stock` > :stock.1:', [...], false)
 5 SYSTEMPATH\Model.php(675): CodeIgniter\Database\BaseBuilder->countAllResults(true)
 6 APPPATH\Controllers\SuperAdmin\StockReportController.php(24): CodeIgniter\Model->countAllResults()
 7 SYSTEMPATH\CodeIgniter.php(933): App\Controllers\SuperAdmin\StockReportController->index()
 8 SYSTEMPATH\CodeIgniter.php(507): CodeIgniter\CodeIgniter->runController(Object(App\Controllers\SuperAdmin\StockReportController))
 9 SYSTEMPATH\CodeIgniter.php(354): CodeIgniter\CodeIgniter->handleRequest(null, Object(Config\Cache), false)
10 SYSTEMPATH\Boot.php(363): CodeIgniter\CodeIgniter->run()
11 SYSTEMPATH\Boot.php(68): CodeIgniter\Boot::runCodeIgniter(Object(CodeIgniter\CodeIgniter))
12 FCPATH\index.php(59): CodeIgniter\Boot::bootWeb(Object(Config\Paths))
13 SYSTEMPATH\rewrite.php(44): require_once('C:\\xampp\\htdocs\\Projek_web2\\public\\index.php')
ERROR - 2025-11-23 13:54:37 --> mysqli_sql_exception: Unknown column 'items.category_id' in 'on clause' in C:\xampp\htdocs\Projek_web2\system\Database\MySQLi\Connection.php:327
Stack trace:
#0 C:\xampp\htdocs\Projek_web2\system\Database\MySQLi\Connection.php(327): mysqli->query('SELECT `items`....', 0)
#1 C:\xampp\htdocs\Projek_web2\system\Database\BaseConnection.php(729): CodeIgniter\Database\MySQLi\Connection->execute('SELECT `items`....')
#2 C:\xampp\htdocs\Projek_web2\system\Database\BaseConnection.php(646): CodeIgniter\Database\BaseConnection->simpleQuery('SELECT `items`....')
#3 C:\xampp\htdocs\Projek_web2\system\Database\BaseBuilder.php(1649): CodeIgniter\Database\BaseConnection->query('SELECT `items`....', Array, false)
#4 C:\xampp\htdocs\Projek_web2\system\Model.php(286): CodeIgniter\Database\BaseBuilder->get()
#5 C:\xampp\htdocs\Projek_web2\system\BaseModel.php(677): CodeIgniter\Model->doFindAll(0, 0)
#6 C:\xampp\htdocs\Projek_web2\app\Controllers\SuperAdmin\StockReportController.php(43): CodeIgniter\BaseModel->findAll()
#7 C:\xampp\htdocs\Projek_web2\system\CodeIgniter.php(933): App\Controllers\SuperAdmin\StockReportController->index()
#8 C:\xampp\htdocs\Projek_web2\system\CodeIgniter.php(507): CodeIgniter\CodeIgniter->runController(Object(App\Controllers\SuperAdmin\StockReportController))
#9 C:\xampp\htdocs\Projek_web2\system\CodeIgniter.php(354): CodeIgniter\CodeIgniter->handleRequest(NULL, Object(Config\Cache), false)
#10 C:\xampp\htdocs\Projek_web2\system\Boot.php(363): CodeIgniter\CodeIgniter->run()
#11 C:\xampp\htdocs\Projek_web2\system\Boot.php(68): CodeIgniter\Boot::runCodeIgniter(Object(CodeIgniter\CodeIgniter))
#12 C:\xampp\htdocs\Projek_web2\public\index.php(59): CodeIgniter\Boot::bootWeb(Object(Config\Paths))
#13 C:\xampp\htdocs\Projek_web2\system\rewrite.php(44): require_once('C:\\xampp\\htdocs...')
#14 {main}
CRITICAL - 2025-11-23 13:54:37 --> CodeIgniter\Database\Exceptions\DatabaseException: Unknown column 'items.category_id' in 'on clause'
[Method: GET, Route: superadmin/stok/laporan]
in SYSTEMPATH\Database\BaseConnection.php on line 684.
 1 SYSTEMPATH\Database\BaseBuilder.php(1649): CodeIgniter\Database\BaseConnection->query('SELECT `items`.`nama_barang` as `product_name`, `items`.`kode_barang` as `product_code`, `categories`.`name` as `category_name`, `jumlah`, `branches`.`name` as `branch_name`
FROM `items`
LEFT JOIN `categories` ON `items`.`category_id` = `categories`.`id`
LEFT JOIN `branches` ON `items`.`branch_id` = `branches`.`id`', [...], false)
 2 SYSTEMPATH\Model.php(286): CodeIgniter\Database\BaseBuilder->get()
 3 SYSTEMPATH\BaseModel.php(677): CodeIgniter\Model->doFindAll(0, 0)
 4 APPPATH\Controllers\SuperAdmin\StockReportController.php(43): CodeIgniter\BaseModel->findAll()
 5 SYSTEMPATH\CodeIgniter.php(933): App\Controllers\SuperAdmin\StockReportController->index()
 6 SYSTEMPATH\CodeIgniter.php(507): CodeIgniter\CodeIgniter->runController(Object(App\Controllers\SuperAdmin\StockReportController))
 7 SYSTEMPATH\CodeIgniter.php(354): CodeIgniter\CodeIgniter->handleRequest(null, Object(Config\Cache), false)
 8 SYSTEMPATH\Boot.php(363): CodeIgniter\CodeIgniter->run()
 9 SYSTEMPATH\Boot.php(68): CodeIgniter\Boot::runCodeIgniter(Object(CodeIgniter\CodeIgniter))
10 FCPATH\index.php(59): CodeIgniter\Boot::bootWeb(Object(Config\Paths))
11 SYSTEMPATH\rewrite.php(44): require_once('C:\\xampp\\htdocs\\Projek_web2\\public\\index.php')
CRITICAL - 2025-11-23 13:54:37 --> [Caused by] CodeIgniter\Database\Exceptions\DatabaseException: Unknown column 'items.category_id' in 'on clause'
in SYSTEMPATH\Database\MySQLi\Connection.php on line 332.
 1 SYSTEMPATH\Database\BaseConnection.php(729): CodeIgniter\Database\MySQLi\Connection->execute('SELECT `items`.`nama_barang` as `product_name`, `items`.`kode_barang` as `product_code`, `categories`.`name` as `category_name`, `jumlah`, `branches`.`name` as `branch_name`
FROM `items`
LEFT JOIN `categories` ON `items`.`category_id` = `categories`.`id`
LEFT JOIN `branches` ON `items`.`branch_id` = `branches`.`id`')
 2 SYSTEMPATH\Database\BaseConnection.php(646): CodeIgniter\Database\BaseConnection->simpleQuery('SELECT `items`.`nama_barang` as `product_name`, `items`.`kode_barang` as `product_code`, `categories`.`name` as `category_name`, `jumlah`, `branches`.`name` as `branch_name`
FROM `items`
LEFT JOIN `categories` ON `items`.`category_id` = `categories`.`id`
LEFT JOIN `branches` ON `items`.`branch_id` = `branches`.`id`')
 3 SYSTEMPATH\Database\BaseBuilder.php(1649): CodeIgniter\Database\BaseConnection->query('SELECT `items`.`nama_barang` as `product_name`, `items`.`kode_barang` as `product_code`, `categories`.`name` as `category_name`, `jumlah`, `branches`.`name` as `branch_name`
FROM `items`
LEFT JOIN `categories` ON `items`.`category_id` = `categories`.`id`
LEFT JOIN `branches` ON `items`.`branch_id` = `branches`.`id`', [...], false)
 4 SYSTEMPATH\Model.php(286): CodeIgniter\Database\BaseBuilder->get()
 5 SYSTEMPATH\BaseModel.php(677): CodeIgniter\Model->doFindAll(0, 0)
 6 APPPATH\Controllers\SuperAdmin\StockReportController.php(43): CodeIgniter\BaseModel->findAll()
 7 SYSTEMPATH\CodeIgniter.php(933): App\Controllers\SuperAdmin\StockReportController->index()
 8 SYSTEMPATH\CodeIgniter.php(507): CodeIgniter\CodeIgniter->runController(Object(App\Controllers\SuperAdmin\StockReportController))
 9 SYSTEMPATH\CodeIgniter.php(354): CodeIgniter\CodeIgniter->handleRequest(null, Object(Config\Cache), false)
10 SYSTEMPATH\Boot.php(363): CodeIgniter\CodeIgniter->run()
11 SYSTEMPATH\Boot.php(68): CodeIgniter\Boot::runCodeIgniter(Object(CodeIgniter\CodeIgniter))
12 FCPATH\index.php(59): CodeIgniter\Boot::bootWeb(Object(Config\Paths))
13 SYSTEMPATH\rewrite.php(44): require_once('C:\\xampp\\htdocs\\Projek_web2\\public\\index.php')
CRITICAL - 2025-11-23 13:54:37 --> [Caused by] mysqli_sql_exception: Unknown column 'items.category_id' in 'on clause'
in SYSTEMPATH\Database\MySQLi\Connection.php on line 327.
 1 SYSTEMPATH\Database\MySQLi\Connection.php(327): mysqli->query('SELECT `items`.`nama_barang` as `product_name`, `items`.`kode_barang` as `product_code`, `categories`.`name` as `category_name`, `jumlah`, `branches`.`name` as `branch_name`
FROM `items`
LEFT JOIN `categories` ON `items`.`category_id` = `categories`.`id`
LEFT JOIN `branches` ON `items`.`branch_id` = `branches`.`id`', 0)
 2 SYSTEMPATH\Database\BaseConnection.php(729): CodeIgniter\Database\MySQLi\Connection->execute('SELECT `items`.`nama_barang` as `product_name`, `items`.`kode_barang` as `product_code`, `categories`.`name` as `category_name`, `jumlah`, `branches`.`name` as `branch_name`
FROM `items`
LEFT JOIN `categories` ON `items`.`category_id` = `categories`.`id`
LEFT JOIN `branches` ON `items`.`branch_id` = `branches`.`id`')
 3 SYSTEMPATH\Database\BaseConnection.php(646): CodeIgniter\Database\BaseConnection->simpleQuery('SELECT `items`.`nama_barang` as `product_name`, `items`.`kode_barang` as `product_code`, `categories`.`name` as `category_name`, `jumlah`, `branches`.`name` as `branch_name`
FROM `items`
LEFT JOIN `categories` ON `items`.`category_id` = `categories`.`id`
LEFT JOIN `branches` ON `items`.`branch_id` = `branches`.`id`')
 4 SYSTEMPATH\Database\BaseBuilder.php(1649): CodeIgniter\Database\BaseConnection->query('SELECT `items`.`nama_barang` as `product_name`, `items`.`kode_barang` as `product_code`, `categories`.`name` as `category_name`, `jumlah`, `branches`.`name` as `branch_name`
FROM `items`
LEFT JOIN `categories` ON `items`.`category_id` = `categories`.`id`
LEFT JOIN `branches` ON `items`.`branch_id` = `branches`.`id`', [...], false)
 5 SYSTEMPATH\Model.php(286): CodeIgniter\Database\BaseBuilder->get()
 6 SYSTEMPATH\BaseModel.php(677): CodeIgniter\Model->doFindAll(0, 0)
 7 APPPATH\Controllers\SuperAdmin\StockReportController.php(43): CodeIgniter\BaseModel->findAll()
 8 SYSTEMPATH\CodeIgniter.php(933): App\Controllers\SuperAdmin\StockReportController->index()
 9 SYSTEMPATH\CodeIgniter.php(507): CodeIgniter\CodeIgniter->runController(Object(App\Controllers\SuperAdmin\StockReportController))
10 SYSTEMPATH\CodeIgniter.php(354): CodeIgniter\CodeIgniter->handleRequest(null, Object(Config\Cache), false)
11 SYSTEMPATH\Boot.php(363): CodeIgniter\CodeIgniter->run()
12 SYSTEMPATH\Boot.php(68): CodeIgniter\Boot::runCodeIgniter(Object(CodeIgniter\CodeIgniter))
13 FCPATH\index.php(59): CodeIgniter\Boot::bootWeb(Object(Config\Paths))
14 SYSTEMPATH\rewrite.php(44): require_once('C:\\xampp\\htdocs\\Projek_web2\\public\\index.php')
ERROR - 2025-11-23 13:54:43 --> mysqli_sql_exception: Unknown column 'items.category_id' in 'on clause' in C:\xampp\htdocs\Projek_web2\system\Database\MySQLi\Connection.php:327
Stack trace:
#0 C:\xampp\htdocs\Projek_web2\system\Database\MySQLi\Connection.php(327): mysqli->query('SELECT `items`....', 0)
#1 C:\xampp\htdocs\Projek_web2\system\Database\BaseConnection.php(729): CodeIgniter\Database\MySQLi\Connection->execute('SELECT `items`....')
#2 C:\xampp\htdocs\Projek_web2\system\Database\BaseConnection.php(646): CodeIgniter\Database\BaseConnection->simpleQuery('SELECT `items`....')
#3 C:\xampp\htdocs\Projek_web2\system\Database\BaseBuilder.php(1649): CodeIgniter\Database\BaseConnection->query('SELECT `items`....', Array, false)
#4 C:\xampp\htdocs\Projek_web2\system\Model.php(286): CodeIgniter\Database\BaseBuilder->get()
#5 C:\xampp\htdocs\Projek_web2\system\BaseModel.php(677): CodeIgniter\Model->doFindAll(0, 0)
#6 C:\xampp\htdocs\Projek_web2\app\Controllers\SuperAdmin\StockReportController.php(43): CodeIgniter\BaseModel->findAll()
#7 C:\xampp\htdocs\Projek_web2\system\CodeIgniter.php(933): App\Controllers\SuperAdmin\StockReportController->index()
#8 C:\xampp\htdocs\Projek_web2\system\CodeIgniter.php(507): CodeIgniter\CodeIgniter->runController(Object(App\Controllers\SuperAdmin\StockReportController))
#9 C:\xampp\htdocs\Projek_web2\system\CodeIgniter.php(354): CodeIgniter\CodeIgniter->handleRequest(NULL, Object(Config\Cache), false)
#10 C:\xampp\htdocs\Projek_web2\system\Boot.php(363): CodeIgniter\CodeIgniter->run()
#11 C:\xampp\htdocs\Projek_web2\system\Boot.php(68): CodeIgniter\Boot::runCodeIgniter(Object(CodeIgniter\CodeIgniter))
#12 C:\xampp\htdocs\Projek_web2\public\index.php(59): CodeIgniter\Boot::bootWeb(Object(Config\Paths))
#13 C:\xampp\htdocs\Projek_web2\system\rewrite.php(44): require_once('C:\\xampp\\htdocs...')
#14 {main}
CRITICAL - 2025-11-23 13:54:43 --> CodeIgniter\Database\Exceptions\DatabaseException: Unknown column 'items.category_id' in 'on clause'
[Method: GET, Route: superadmin/stok/laporan]
in SYSTEMPATH\Database\BaseConnection.php on line 684.
 1 SYSTEMPATH\Database\BaseBuilder.php(1649): CodeIgniter\Database\BaseConnection->query('SELECT `items`.`nama_barang` as `product_name`, `items`.`kode_barang` as `product_code`, `categories`.`name` as `category_name`, `jumlah`, `branches`.`name` as `branch_name`
FROM `items`
LEFT JOIN `categories` ON `items`.`category_id` = `categories`.`id`
LEFT JOIN `branches` ON `items`.`branch_id` = `branches`.`id`', [...], false)
 2 SYSTEMPATH\Model.php(286): CodeIgniter\Database\BaseBuilder->get()
 3 SYSTEMPATH\BaseModel.php(677): CodeIgniter\Model->doFindAll(0, 0)
 4 APPPATH\Controllers\SuperAdmin\StockReportController.php(43): CodeIgniter\BaseModel->findAll()
 5 SYSTEMPATH\CodeIgniter.php(933): App\Controllers\SuperAdmin\StockReportController->index()
 6 SYSTEMPATH\CodeIgniter.php(507): CodeIgniter\CodeIgniter->runController(Object(App\Controllers\SuperAdmin\StockReportController))
 7 SYSTEMPATH\CodeIgniter.php(354): CodeIgniter\CodeIgniter->handleRequest(null, Object(Config\Cache), false)
 8 SYSTEMPATH\Boot.php(363): CodeIgniter\CodeIgniter->run()
 9 SYSTEMPATH\Boot.php(68): CodeIgniter\Boot::runCodeIgniter(Object(CodeIgniter\CodeIgniter))
10 FCPATH\index.php(59): CodeIgniter\Boot::bootWeb(Object(Config\Paths))
11 SYSTEMPATH\rewrite.php(44): require_once('C:\\xampp\\htdocs\\Projek_web2\\public\\index.php')
CRITICAL - 2025-11-23 13:54:43 --> [Caused by] CodeIgniter\Database\Exceptions\DatabaseException: Unknown column 'items.category_id' in 'on clause'
in SYSTEMPATH\Database\MySQLi\Connection.php on line 332.
 1 SYSTEMPATH\Database\BaseConnection.php(729): CodeIgniter\Database\MySQLi\Connection->execute('SELECT `items`.`nama_barang` as `product_name`, `items`.`kode_barang` as `product_code`, `categories`.`name` as `category_name`, `jumlah`, `branches`.`name` as `branch_name`
FROM `items`
LEFT JOIN `categories` ON `items`.`category_id` = `categories`.`id`
LEFT JOIN `branches` ON `items`.`branch_id` = `branches`.`id`')
 2 SYSTEMPATH\Database\BaseConnection.php(646): CodeIgniter\Database\BaseConnection->simpleQuery('SELECT `items`.`nama_barang` as `product_name`, `items`.`kode_barang` as `product_code`, `categories`.`name` as `category_name`, `jumlah`, `branches`.`name` as `branch_name`
FROM `items`
LEFT JOIN `categories` ON `items`.`category_id` = `categories`.`id`
LEFT JOIN `branches` ON `items`.`branch_id` = `branches`.`id`')
 3 SYSTEMPATH\Database\BaseBuilder.php(1649): CodeIgniter\Database\BaseConnection->query('SELECT `items`.`nama_barang` as `product_name`, `items`.`kode_barang` as `product_code`, `categories`.`name` as `category_name`, `jumlah`, `branches`.`name` as `branch_name`
FROM `items`
LEFT JOIN `categories` ON `items`.`category_id` = `categories`.`id`
LEFT JOIN `branches` ON `items`.`branch_id` = `branches`.`id`', [...], false)
 4 SYSTEMPATH\Model.php(286): CodeIgniter\Database\BaseBuilder->get()
 5 SYSTEMPATH\BaseModel.php(677): CodeIgniter\Model->doFindAll(0, 0)
 6 APPPATH\Controllers\SuperAdmin\StockReportController.php(43): CodeIgniter\BaseModel->findAll()
 7 SYSTEMPATH\CodeIgniter.php(933): App\Controllers\SuperAdmin\StockReportController->index()
 8 SYSTEMPATH\CodeIgniter.php(507): CodeIgniter\CodeIgniter->runController(Object(App\Controllers\SuperAdmin\StockReportController))
 9 SYSTEMPATH\CodeIgniter.php(354): CodeIgniter\CodeIgniter->handleRequest(null, Object(Config\Cache), false)
10 SYSTEMPATH\Boot.php(363): CodeIgniter\CodeIgniter->run()
11 SYSTEMPATH\Boot.php(68): CodeIgniter\Boot::runCodeIgniter(Object(CodeIgniter\CodeIgniter))
12 FCPATH\index.php(59): CodeIgniter\Boot::bootWeb(Object(Config\Paths))
13 SYSTEMPATH\rewrite.php(44): require_once('C:\\xampp\\htdocs\\Projek_web2\\public\\index.php')
CRITICAL - 2025-11-23 13:54:43 --> [Caused by] mysqli_sql_exception: Unknown column 'items.category_id' in 'on clause'
in SYSTEMPATH\Database\MySQLi\Connection.php on line 327.
 1 SYSTEMPATH\Database\MySQLi\Connection.php(327): mysqli->query('SELECT `items`.`nama_barang` as `product_name`, `items`.`kode_barang` as `product_code`, `categories`.`name` as `category_name`, `jumlah`, `branches`.`name` as `branch_name`
FROM `items`
LEFT JOIN `categories` ON `items`.`category_id` = `categories`.`id`
LEFT JOIN `branches` ON `items`.`branch_id` = `branches`.`id`', 0)
 2 SYSTEMPATH\Database\BaseConnection.php(729): CodeIgniter\Database\MySQLi\Connection->execute('SELECT `items`.`nama_barang` as `product_name`, `items`.`kode_barang` as `product_code`, `categories`.`name` as `category_name`, `jumlah`, `branches`.`name` as `branch_name`
FROM `items`
LEFT JOIN `categories` ON `items`.`category_id` = `categories`.`id`
LEFT JOIN `branches` ON `items`.`branch_id` = `branches`.`id`')
 3 SYSTEMPATH\Database\BaseConnection.php(646): CodeIgniter\Database\BaseConnection->simpleQuery('SELECT `items`.`nama_barang` as `product_name`, `items`.`kode_barang` as `product_code`, `categories`.`name` as `category_name`, `jumlah`, `branches`.`name` as `branch_name`
FROM `items`
LEFT JOIN `categories` ON `items`.`category_id` = `categories`.`id`
LEFT JOIN `branches` ON `items`.`branch_id` = `branches`.`id`')
 4 SYSTEMPATH\Database\BaseBuilder.php(1649): CodeIgniter\Database\BaseConnection->query('SELECT `items`.`nama_barang` as `product_name`, `items`.`kode_barang` as `product_code`, `categories`.`name` as `category_name`, `jumlah`, `branches`.`name` as `branch_name`
FROM `items`
LEFT JOIN `categories` ON `items`.`category_id` = `categories`.`id`
LEFT JOIN `branches` ON `items`.`branch_id` = `branches`.`id`', [...], false)
 5 SYSTEMPATH\Model.php(286): CodeIgniter\Database\BaseBuilder->get()
 6 SYSTEMPATH\BaseModel.php(677): CodeIgniter\Model->doFindAll(0, 0)
 7 APPPATH\Controllers\SuperAdmin\StockReportController.php(43): CodeIgniter\BaseModel->findAll()
 8 SYSTEMPATH\CodeIgniter.php(933): App\Controllers\SuperAdmin\StockReportController->index()
 9 SYSTEMPATH\CodeIgniter.php(507): CodeIgniter\CodeIgniter->runController(Object(App\Controllers\SuperAdmin\StockReportController))
10 SYSTEMPATH\CodeIgniter.php(354): CodeIgniter\CodeIgniter->handleRequest(null, Object(Config\Cache), false)
11 SYSTEMPATH\Boot.php(363): CodeIgniter\CodeIgniter->run()
12 SYSTEMPATH\Boot.php(68): CodeIgniter\Boot::runCodeIgniter(Object(CodeIgniter\CodeIgniter))
13 FCPATH\index.php(59): CodeIgniter\Boot::bootWeb(Object(Config\Paths))
14 SYSTEMPATH\rewrite.php(44): require_once('C:\\xampp\\htdocs\\Projek_web2\\public\\index.php')
ERROR - 2025-11-23 13:56:47 --> mysqli_sql_exception: Unknown column 'items.category_id' in 'on clause' in C:\xampp\htdocs\Projek_web2\system\Database\MySQLi\Connection.php:327
Stack trace:
#0 C:\xampp\htdocs\Projek_web2\system\Database\MySQLi\Connection.php(327): mysqli->query('SELECT `items`....', 0)
#1 C:\xampp\htdocs\Projek_web2\system\Database\BaseConnection.php(729): CodeIgniter\Database\MySQLi\Connection->execute('SELECT `items`....')
#2 C:\xampp\htdocs\Projek_web2\system\Database\BaseConnection.php(646): CodeIgniter\Database\BaseConnection->simpleQuery('SELECT `items`....')
#3 C:\xampp\htdocs\Projek_web2\system\Database\BaseBuilder.php(1649): CodeIgniter\Database\BaseConnection->query('SELECT `items`....', Array, false)
#4 C:\xampp\htdocs\Projek_web2\system\Model.php(286): CodeIgniter\Database\BaseBuilder->get()
#5 C:\xampp\htdocs\Projek_web2\system\BaseModel.php(677): CodeIgniter\Model->doFindAll(0, 0)
#6 C:\xampp\htdocs\Projek_web2\app\Controllers\SuperAdmin\StockReportController.php(43): CodeIgniter\BaseModel->findAll()
#7 C:\xampp\htdocs\Projek_web2\system\CodeIgniter.php(933): App\Controllers\SuperAdmin\StockReportController->index()
#8 C:\xampp\htdocs\Projek_web2\system\CodeIgniter.php(507): CodeIgniter\CodeIgniter->runController(Object(App\Controllers\SuperAdmin\StockReportController))
#9 C:\xampp\htdocs\Projek_web2\system\CodeIgniter.php(354): CodeIgniter\CodeIgniter->handleRequest(NULL, Object(Config\Cache), false)
#10 C:\xampp\htdocs\Projek_web2\system\Boot.php(363): CodeIgniter\CodeIgniter->run()
#11 C:\xampp\htdocs\Projek_web2\system\Boot.php(68): CodeIgniter\Boot::runCodeIgniter(Object(CodeIgniter\CodeIgniter))
#12 C:\xampp\htdocs\Projek_web2\public\index.php(59): CodeIgniter\Boot::bootWeb(Object(Config\Paths))
#13 C:\xampp\htdocs\Projek_web2\system\rewrite.php(44): require_once('C:\\xampp\\htdocs...')
#14 {main}
CRITICAL - 2025-11-23 13:56:47 --> CodeIgniter\Database\Exceptions\DatabaseException: Unknown column 'items.category_id' in 'on clause'
[Method: GET, Route: superadmin/stok/laporan]
in SYSTEMPATH\Database\BaseConnection.php on line 684.
 1 SYSTEMPATH\Database\BaseBuilder.php(1649): CodeIgniter\Database\BaseConnection->query('SELECT `items`.`nama_barang` as `product_name`, `items`.`kode_barang` as `product_code`, `categories`.`name` as `category_name`, `jumlah`, `branches`.`name` as `branch_name`
FROM `items`
LEFT JOIN `categories` ON `items`.`category_id` = `categories`.`id`
LEFT JOIN `branches` ON `items`.`branch_id` = `branches`.`id`', [...], false)
 2 SYSTEMPATH\Model.php(286): CodeIgniter\Database\BaseBuilder->get()
 3 SYSTEMPATH\BaseModel.php(677): CodeIgniter\Model->doFindAll(0, 0)
 4 APPPATH\Controllers\SuperAdmin\StockReportController.php(43): CodeIgniter\BaseModel->findAll()
 5 SYSTEMPATH\CodeIgniter.php(933): App\Controllers\SuperAdmin\StockReportController->index()
 6 SYSTEMPATH\CodeIgniter.php(507): CodeIgniter\CodeIgniter->runController(Object(App\Controllers\SuperAdmin\StockReportController))
 7 SYSTEMPATH\CodeIgniter.php(354): CodeIgniter\CodeIgniter->handleRequest(null, Object(Config\Cache), false)
 8 SYSTEMPATH\Boot.php(363): CodeIgniter\CodeIgniter->run()
 9 SYSTEMPATH\Boot.php(68): CodeIgniter\Boot::runCodeIgniter(Object(CodeIgniter\CodeIgniter))
10 FCPATH\index.php(59): CodeIgniter\Boot::bootWeb(Object(Config\Paths))
11 SYSTEMPATH\rewrite.php(44): require_once('C:\\xampp\\htdocs\\Projek_web2\\public\\index.php')
CRITICAL - 2025-11-23 13:56:47 --> [Caused by] CodeIgniter\Database\Exceptions\DatabaseException: Unknown column 'items.category_id' in 'on clause'
in SYSTEMPATH\Database\MySQLi\Connection.php on line 332.
 1 SYSTEMPATH\Database\BaseConnection.php(729): CodeIgniter\Database\MySQLi\Connection->execute('SELECT `items`.`nama_barang` as `product_name`, `items`.`kode_barang` as `product_code`, `categories`.`name` as `category_name`, `jumlah`, `branches`.`name` as `branch_name`
FROM `items`
LEFT JOIN `categories` ON `items`.`category_id` = `categories`.`id`
LEFT JOIN `branches` ON `items`.`branch_id` = `branches`.`id`')
 2 SYSTEMPATH\Database\BaseConnection.php(646): CodeIgniter\Database\BaseConnection->simpleQuery('SELECT `items`.`nama_barang` as `product_name`, `items`.`kode_barang` as `product_code`, `categories`.`name` as `category_name`, `jumlah`, `branches`.`name` as `branch_name`
FROM `items`
LEFT JOIN `categories` ON `items`.`category_id` = `categories`.`id`
LEFT JOIN `branches` ON `items`.`branch_id` = `branches`.`id`')
 3 SYSTEMPATH\Database\BaseBuilder.php(1649): CodeIgniter\Database\BaseConnection->query('SELECT `items`.`nama_barang` as `product_name`, `items`.`kode_barang` as `product_code`, `categories`.`name` as `category_name`, `jumlah`, `branches`.`name` as `branch_name`
FROM `items`
LEFT JOIN `categories` ON `items`.`category_id` = `categories`.`id`
LEFT JOIN `branches` ON `items`.`branch_id` = `branches`.`id`', [...], false)
 4 SYSTEMPATH\Model.php(286): CodeIgniter\Database\BaseBuilder->get()
 5 SYSTEMPATH\BaseModel.php(677): CodeIgniter\Model->doFindAll(0, 0)
 6 APPPATH\Controllers\SuperAdmin\StockReportController.php(43): CodeIgniter\BaseModel->findAll()
 7 SYSTEMPATH\CodeIgniter.php(933): App\Controllers\SuperAdmin\StockReportController->index()
 8 SYSTEMPATH\CodeIgniter.php(507): CodeIgniter\CodeIgniter->runController(Object(App\Controllers\SuperAdmin\StockReportController))
 9 SYSTEMPATH\CodeIgniter.php(354): CodeIgniter\CodeIgniter->handleRequest(null, Object(Config\Cache), false)
10 SYSTEMPATH\Boot.php(363): CodeIgniter\CodeIgniter->run()
11 SYSTEMPATH\Boot.php(68): CodeIgniter\Boot::runCodeIgniter(Object(CodeIgniter\CodeIgniter))
12 FCPATH\index.php(59): CodeIgniter\Boot::bootWeb(Object(Config\Paths))
13 SYSTEMPATH\rewrite.php(44): require_once('C:\\xampp\\htdocs\\Projek_web2\\public\\index.php')
CRITICAL - 2025-11-23 13:56:47 --> [Caused by] mysqli_sql_exception: Unknown column 'items.category_id' in 'on clause'
in SYSTEMPATH\Database\MySQLi\Connection.php on line 327.
 1 SYSTEMPATH\Database\MySQLi\Connection.php(327): mysqli->query('SELECT `items`.`nama_barang` as `product_name`, `items`.`kode_barang` as `product_code`, `categories`.`name` as `category_name`, `jumlah`, `branches`.`name` as `branch_name`
FROM `items`
LEFT JOIN `categories` ON `items`.`category_id` = `categories`.`id`
LEFT JOIN `branches` ON `items`.`branch_id` = `branches`.`id`', 0)
 2 SYSTEMPATH\Database\BaseConnection.php(729): CodeIgniter\Database\MySQLi\Connection->execute('SELECT `items`.`nama_barang` as `product_name`, `items`.`kode_barang` as `product_code`, `categories`.`name` as `category_name`, `jumlah`, `branches`.`name` as `branch_name`
FROM `items`
LEFT JOIN `categories` ON `items`.`category_id` = `categories`.`id`
LEFT JOIN `branches` ON `items`.`branch_id` = `branches`.`id`')
 3 SYSTEMPATH\Database\BaseConnection.php(646): CodeIgniter\Database\BaseConnection->simpleQuery('SELECT `items`.`nama_barang` as `product_name`, `items`.`kode_barang` as `product_code`, `categories`.`name` as `category_name`, `jumlah`, `branches`.`name` as `branch_name`
FROM `items`
LEFT JOIN `categories` ON `items`.`category_id` = `categories`.`id`
LEFT JOIN `branches` ON `items`.`branch_id` = `branches`.`id`')
 4 SYSTEMPATH\Database\BaseBuilder.php(1649): CodeIgniter\Database\BaseConnection->query('SELECT `items`.`nama_barang` as `product_name`, `items`.`kode_barang` as `product_code`, `categories`.`name` as `category_name`, `jumlah`, `branches`.`name` as `branch_name`
FROM `items`
LEFT JOIN `categories` ON `items`.`category_id` = `categories`.`id`
LEFT JOIN `branches` ON `items`.`branch_id` = `branches`.`id`', [...], false)
 5 SYSTEMPATH\Model.php(286): CodeIgniter\Database\BaseBuilder->get()
 6 SYSTEMPATH\BaseModel.php(677): CodeIgniter\Model->doFindAll(0, 0)
 7 APPPATH\Controllers\SuperAdmin\StockReportController.php(43): CodeIgniter\BaseModel->findAll()
 8 SYSTEMPATH\CodeIgniter.php(933): App\Controllers\SuperAdmin\StockReportController->index()
 9 SYSTEMPATH\CodeIgniter.php(507): CodeIgniter\CodeIgniter->runController(Object(App\Controllers\SuperAdmin\StockReportController))
10 SYSTEMPATH\CodeIgniter.php(354): CodeIgniter\CodeIgniter->handleRequest(null, Object(Config\Cache), false)
11 SYSTEMPATH\Boot.php(363): CodeIgniter\CodeIgniter->run()
12 SYSTEMPATH\Boot.php(68): CodeIgniter\Boot::runCodeIgniter(Object(CodeIgniter\CodeIgniter))
13 FCPATH\index.php(59): CodeIgniter\Boot::bootWeb(Object(Config\Paths))
14 SYSTEMPATH\rewrite.php(44): require_once('C:\\xampp\\htdocs\\Projek_web2\\public\\index.php')
ERROR - 2025-11-23 13:57:52 --> mysqli_sql_exception: Unknown column 'items.branch_id' in 'on clause' in C:\xampp\htdocs\Projek_web2\system\Database\MySQLi\Connection.php:327
Stack trace:
#0 C:\xampp\htdocs\Projek_web2\system\Database\MySQLi\Connection.php(327): mysqli->query('SELECT `items`....', 0)
#1 C:\xampp\htdocs\Projek_web2\system\Database\BaseConnection.php(729): CodeIgniter\Database\MySQLi\Connection->execute('SELECT `items`....')
#2 C:\xampp\htdocs\Projek_web2\system\Database\BaseConnection.php(646): CodeIgniter\Database\BaseConnection->simpleQuery('SELECT `items`....')
#3 C:\xampp\htdocs\Projek_web2\system\Database\BaseBuilder.php(1649): CodeIgniter\Database\BaseConnection->query('SELECT `items`....', Array, false)
#4 C:\xampp\htdocs\Projek_web2\system\Model.php(286): CodeIgniter\Database\BaseBuilder->get()
#5 C:\xampp\htdocs\Projek_web2\system\BaseModel.php(677): CodeIgniter\Model->doFindAll(0, 0)
#6 C:\xampp\htdocs\Projek_web2\app\Controllers\SuperAdmin\StockReportController.php(43): CodeIgniter\BaseModel->findAll()
#7 C:\xampp\htdocs\Projek_web2\system\CodeIgniter.php(933): App\Controllers\SuperAdmin\StockReportController->index()
#8 C:\xampp\htdocs\Projek_web2\system\CodeIgniter.php(507): CodeIgniter\CodeIgniter->runController(Object(App\Controllers\SuperAdmin\StockReportController))
#9 C:\xampp\htdocs\Projek_web2\system\CodeIgniter.php(354): CodeIgniter\CodeIgniter->handleRequest(NULL, Object(Config\Cache), false)
#10 C:\xampp\htdocs\Projek_web2\system\Boot.php(363): CodeIgniter\CodeIgniter->run()
#11 C:\xampp\htdocs\Projek_web2\system\Boot.php(68): CodeIgniter\Boot::runCodeIgniter(Object(CodeIgniter\CodeIgniter))
#12 C:\xampp\htdocs\Projek_web2\public\index.php(59): CodeIgniter\Boot::bootWeb(Object(Config\Paths))
#13 C:\xampp\htdocs\Projek_web2\system\rewrite.php(44): require_once('C:\\xampp\\htdocs...')
#14 {main}
CRITICAL - 2025-11-23 13:57:52 --> CodeIgniter\Database\Exceptions\DatabaseException: Unknown column 'items.branch_id' in 'on clause'
[Method: GET, Route: superadmin/stok/laporan]
in SYSTEMPATH\Database\BaseConnection.php on line 684.
 1 SYSTEMPATH\Database\BaseBuilder.php(1649): CodeIgniter\Database\BaseConnection->query('SELECT `items`.`nama_barang` as `product_name`, `items`.`kode_barang` as `product_code`, `categories`.`name` as `category_name`, `jumlah`, `branches`.`name` as `branch_name`
FROM `items`
LEFT JOIN `categories` ON `items`.`kategori` = `categories`.`name`
LEFT JOIN `branches` ON `items`.`branch_id` = `branches`.`id`', [...], false)
 2 SYSTEMPATH\Model.php(286): CodeIgniter\Database\BaseBuilder->get()
 3 SYSTEMPATH\BaseModel.php(677): CodeIgniter\Model->doFindAll(0, 0)
 4 APPPATH\Controllers\SuperAdmin\StockReportController.php(43): CodeIgniter\BaseModel->findAll()
 5 SYSTEMPATH\CodeIgniter.php(933): App\Controllers\SuperAdmin\StockReportController->index()
 6 SYSTEMPATH\CodeIgniter.php(507): CodeIgniter\CodeIgniter->runController(Object(App\Controllers\SuperAdmin\StockReportController))
 7 SYSTEMPATH\CodeIgniter.php(354): CodeIgniter\CodeIgniter->handleRequest(null, Object(Config\Cache), false)
 8 SYSTEMPATH\Boot.php(363): CodeIgniter\CodeIgniter->run()
 9 SYSTEMPATH\Boot.php(68): CodeIgniter\Boot::runCodeIgniter(Object(CodeIgniter\CodeIgniter))
10 FCPATH\index.php(59): CodeIgniter\Boot::bootWeb(Object(Config\Paths))
11 SYSTEMPATH\rewrite.php(44): require_once('C:\\xampp\\htdocs\\Projek_web2\\public\\index.php')
CRITICAL - 2025-11-23 13:57:52 --> [Caused by] CodeIgniter\Database\Exceptions\DatabaseException: Unknown column 'items.branch_id' in 'on clause'
in SYSTEMPATH\Database\MySQLi\Connection.php on line 332.
 1 SYSTEMPATH\Database\BaseConnection.php(729): CodeIgniter\Database\MySQLi\Connection->execute('SELECT `items`.`nama_barang` as `product_name`, `items`.`kode_barang` as `product_code`, `categories`.`name` as `category_name`, `jumlah`, `branches`.`name` as `branch_name`
FROM `items`
LEFT JOIN `categories` ON `items`.`kategori` = `categories`.`name`
LEFT JOIN `branches` ON `items`.`branch_id` = `branches`.`id`')
 2 SYSTEMPATH\Database\BaseConnection.php(646): CodeIgniter\Database\BaseConnection->simpleQuery('SELECT `items`.`nama_barang` as `product_name`, `items`.`kode_barang` as `product_code`, `categories`.`name` as `category_name`, `jumlah`, `branches`.`name` as `branch_name`
FROM `items`
LEFT JOIN `categories` ON `items`.`kategori` = `categories`.`name`
LEFT JOIN `branches` ON `items`.`branch_id` = `branches`.`id`')
 3 SYSTEMPATH\Database\BaseBuilder.php(1649): CodeIgniter\Database\BaseConnection->query('SELECT `items`.`nama_barang` as `product_name`, `items`.`kode_barang` as `product_code`, `categories`.`name` as `category_name`, `jumlah`, `branches`.`name` as `branch_name`
FROM `items`
LEFT JOIN `categories` ON `items`.`kategori` = `categories`.`name`
LEFT JOIN `branches` ON `items`.`branch_id` = `branches`.`id`', [...], false)
 4 SYSTEMPATH\Model.php(286): CodeIgniter\Database\BaseBuilder->get()
 5 SYSTEMPATH\BaseModel.php(677): CodeIgniter\Model->doFindAll(0, 0)
 6 APPPATH\Controllers\SuperAdmin\StockReportController.php(43): CodeIgniter\BaseModel->findAll()
 7 SYSTEMPATH\CodeIgniter.php(933): App\Controllers\SuperAdmin\StockReportController->index()
 8 SYSTEMPATH\CodeIgniter.php(507): CodeIgniter\CodeIgniter->runController(Object(App\Controllers\SuperAdmin\StockReportController))
 9 SYSTEMPATH\CodeIgniter.php(354): CodeIgniter\CodeIgniter->handleRequest(null, Object(Config\Cache), false)
10 SYSTEMPATH\Boot.php(363): CodeIgniter\CodeIgniter->run()
11 SYSTEMPATH\Boot.php(68): CodeIgniter\Boot::runCodeIgniter(Object(CodeIgniter\CodeIgniter))
12 FCPATH\index.php(59): CodeIgniter\Boot::bootWeb(Object(Config\Paths))
13 SYSTEMPATH\rewrite.php(44): require_once('C:\\xampp\\htdocs\\Projek_web2\\public\\index.php')
CRITICAL - 2025-11-23 13:57:52 --> [Caused by] mysqli_sql_exception: Unknown column 'items.branch_id' in 'on clause'
in SYSTEMPATH\Database\MySQLi\Connection.php on line 327.
 1 SYSTEMPATH\Database\MySQLi\Connection.php(327): mysqli->query('SELECT `items`.`nama_barang` as `product_name`, `items`.`kode_barang` as `product_code`, `categories`.`name` as `category_name`, `jumlah`, `branches`.`name` as `branch_name`
FROM `items`
LEFT JOIN `categories` ON `items`.`kategori` = `categories`.`name`
LEFT JOIN `branches` ON `items`.`branch_id` = `branches`.`id`', 0)
 2 SYSTEMPATH\Database\BaseConnection.php(729): CodeIgniter\Database\MySQLi\Connection->execute('SELECT `items`.`nama_barang` as `product_name`, `items`.`kode_barang` as `product_code`, `categories`.`name` as `category_name`, `jumlah`, `branches`.`name` as `branch_name`
FROM `items`
LEFT JOIN `categories` ON `items`.`kategori` = `categories`.`name`
LEFT JOIN `branches` ON `items`.`branch_id` = `branches`.`id`')
 3 SYSTEMPATH\Database\BaseConnection.php(646): CodeIgniter\Database\BaseConnection->simpleQuery('SELECT `items`.`nama_barang` as `product_name`, `items`.`kode_barang` as `product_code`, `categories`.`name` as `category_name`, `jumlah`, `branches`.`name` as `branch_name`
FROM `items`
LEFT JOIN `categories` ON `items`.`kategori` = `categories`.`name`
LEFT JOIN `branches` ON `items`.`branch_id` = `branches`.`id`')
 4 SYSTEMPATH\Database\BaseBuilder.php(1649): CodeIgniter\Database\BaseConnection->query('SELECT `items`.`nama_barang` as `product_name`, `items`.`kode_barang` as `product_code`, `categories`.`name` as `category_name`, `jumlah`, `branches`.`name` as `branch_name`
FROM `items`
LEFT JOIN `categories` ON `items`.`kategori` = `categories`.`name`
LEFT JOIN `branches` ON `items`.`branch_id` = `branches`.`id`', [...], false)
 5 SYSTEMPATH\Model.php(286): CodeIgniter\Database\BaseBuilder->get()
 6 SYSTEMPATH\BaseModel.php(677): CodeIgniter\Model->doFindAll(0, 0)
 7 APPPATH\Controllers\SuperAdmin\StockReportController.php(43): CodeIgniter\BaseModel->findAll()
 8 SYSTEMPATH\CodeIgniter.php(933): App\Controllers\SuperAdmin\StockReportController->index()
 9 SYSTEMPATH\CodeIgniter.php(507): CodeIgniter\CodeIgniter->runController(Object(App\Controllers\SuperAdmin\StockReportController))
10 SYSTEMPATH\CodeIgniter.php(354): CodeIgniter\CodeIgniter->handleRequest(null, Object(Config\Cache), false)
11 SYSTEMPATH\Boot.php(363): CodeIgniter\CodeIgniter->run()
12 SYSTEMPATH\Boot.php(68): CodeIgniter\Boot::runCodeIgniter(Object(CodeIgniter\CodeIgniter))
13 FCPATH\index.php(59): CodeIgniter\Boot::bootWeb(Object(Config\Paths))
14 SYSTEMPATH\rewrite.php(44): require_once('C:\\xampp\\htdocs\\Projek_web2\\public\\index.php')
CRITICAL - 2025-11-23 14:13:39 --> ErrorException: Undefined variable $branches
[Method: GET, Route: superadmin/stok/laporan]
in APPPATH\Controllers\SuperAdmin\StockReportController.php on line 55.
 1 APPPATH\Controllers\SuperAdmin\StockReportController.php(55): CodeIgniter\Debug\Exceptions->errorHandler(2, 'Undefined variable $branches', 'C:\\xampp\\htdocs\\Projek_web2\\app\\Controllers\\SuperAdmin\\StockReportController.php', 55)
 2 SYSTEMPATH\CodeIgniter.php(933): App\Controllers\SuperAdmin\StockReportController->index()
 3 SYSTEMPATH\CodeIgniter.php(507): CodeIgniter\CodeIgniter->runController(Object(App\Controllers\SuperAdmin\StockReportController))
 4 SYSTEMPATH\CodeIgniter.php(354): CodeIgniter\CodeIgniter->handleRequest(null, Object(Config\Cache), false)
 5 SYSTEMPATH\Boot.php(363): CodeIgniter\CodeIgniter->run()
 6 SYSTEMPATH\Boot.php(68): CodeIgniter\Boot::runCodeIgniter(Object(CodeIgniter\CodeIgniter))
 7 FCPATH\index.php(59): CodeIgniter\Boot::bootWeb(Object(Config\Paths))
 8 SYSTEMPATH\rewrite.php(44): require_once('C:\\xampp\\htdocs\\Projek_web2\\public\\index.php')
CRITICAL - 2025-11-23 14:13:45 --> ErrorException: Undefined variable $branches
[Method: GET, Route: superadmin/stok/laporan]
in APPPATH\Controllers\SuperAdmin\StockReportController.php on line 55.
 1 APPPATH\Controllers\SuperAdmin\StockReportController.php(55): CodeIgniter\Debug\Exceptions->errorHandler(2, 'Undefined variable $branches', 'C:\\xampp\\htdocs\\Projek_web2\\app\\Controllers\\SuperAdmin\\StockReportController.php', 55)
 2 SYSTEMPATH\CodeIgniter.php(933): App\Controllers\SuperAdmin\StockReportController->index()
 3 SYSTEMPATH\CodeIgniter.php(507): CodeIgniter\CodeIgniter->runController(Object(App\Controllers\SuperAdmin\StockReportController))
 4 SYSTEMPATH\CodeIgniter.php(354): CodeIgniter\CodeIgniter->handleRequest(null, Object(Config\Cache), false)
 5 SYSTEMPATH\Boot.php(363): CodeIgniter\CodeIgniter->run()
 6 SYSTEMPATH\Boot.php(68): CodeIgniter\Boot::runCodeIgniter(Object(CodeIgniter\CodeIgniter))
 7 FCPATH\index.php(59): CodeIgniter\Boot::bootWeb(Object(Config\Paths))
 8 SYSTEMPATH\rewrite.php(44): require_once('C:\\xampp\\htdocs\\Projek_web2\\public\\index.php')
DEBUG - 2025-11-23 14:15:48 --> Session: Class initialized using 'CodeIgniter\Session\Handlers\FileHandler' driver.
DEBUG - 2025-11-23 14:16:18 --> Session: Class initialized using 'CodeIgniter\Session\Handlers\FileHandler' driver.
CRITICAL - 2025-11-23 14:16:36 --> ErrorException: Undefined variable $branches
[Method: GET, Route: superadmin/stok/laporan]
in APPPATH\Controllers\SuperAdmin\StockReportController.php on line 55.
 1 APPPATH\Controllers\SuperAdmin\StockReportController.php(55): CodeIgniter\Debug\Exceptions->errorHandler(2, 'Undefined variable $branches', 'C:\\xampp\\htdocs\\Projek_web2\\app\\Controllers\\SuperAdmin\\StockReportController.php', 55)
 2 SYSTEMPATH\CodeIgniter.php(933): App\Controllers\SuperAdmin\StockReportController->index()
 3 SYSTEMPATH\CodeIgniter.php(507): CodeIgniter\CodeIgniter->runController(Object(App\Controllers\SuperAdmin\StockReportController))
 4 SYSTEMPATH\CodeIgniter.php(354): CodeIgniter\CodeIgniter->handleRequest(null, Object(Config\Cache), false)
 5 SYSTEMPATH\Boot.php(363): CodeIgniter\CodeIgniter->run()
 6 SYSTEMPATH\Boot.php(68): CodeIgniter\Boot::runCodeIgniter(Object(CodeIgniter\CodeIgniter))
 7 FCPATH\index.php(59): CodeIgniter\Boot::bootWeb(Object(Config\Paths))
 8 SYSTEMPATH\rewrite.php(44): require_once('C:\\xampp\\htdocs\\Projek_web2\\public\\index.php')
DEBUG - 2025-11-23 14:19:57 --> Session: Class initialized using 'CodeIgniter\Session\Handlers\FileHandler' driver.
DEBUG - 2025-11-23 14:20:00 --> Session: Class initialized using 'CodeIgniter\Session\Handlers\FileHandler' driver.
DEBUG - 2025-11-23 14:20:04 --> Session: Class initialized using 'CodeIgniter\Session\Handlers\FileHandler' driver.
